19,19.0
19,19.0
7,15.0
3,12.0
3,10.0
3,9.0
3,8.0
3,8.0
3,7.0
3,7.0
3,6.0
3,6.0
3,6.0
3,6.0
3,5.0
3,5.0
3,5.0
3,5.0
3,5.0
3,5.0
3,5.0
3,5.0
3,5.0
3,4.0
3,4.0
3,4.0
3,4.0
3,4.0
3,4.0
3,4.0
3,4.0
3,4.0
3,4.0
3,4.0
3,4.0
3,4.0
3,4.0
3,4.0
3,4.0
3,4.0
3,4.0
3,4.0
3,4.0
3,4.0
3,4.0
3,4.0
3,4.0
3,4.0
3,4.0
3,4.0
3,4.0
3,4.0
17,4.0
3,4.0
3,4.0
3,4.0
3,4.0
3,4.0
3,4.0
3,4.0
3,4.0
3,4.0
3,4.0
3,4.0
5,4.0
3,4.0
3,4.0
3,4.0
3,4.0
3,4.0
3,4.0
3,4.0
15,4.0
3,4.0
3,4.0
3,4.0
3,4.0
3,4.0
3,4.0
3,4.0
3,4.0
3,4.0
3,4.0
3,4.0
3,4.0
3,4.0
3,4.0
3,4.0
3,4.0
3,4.0
3,4.0
3,4.0
3,4.0
3,4.0
3,4.0
3,4.0
3,4.0
3,4.0
3,4.0
3,4.0
3,4.0
3,4.0
3,4.0
3,4.0
11,4.0
3,4.0
3,4.0
3,4.0
3,4.0
3,4.0
3,4.0
3,4.0
3,4.0
3,4.0
3,4.0
3,4.0
3,4.0
3,4.0
3,4.0
3,4.0
3,4.0
3,4.0
3,4.0
3,4.0
3,4.0
3,4.0
15,4.0
3,4.0
3,4.0
3,4.0
3,4.0
3,4.0
3,4.0
3,4.0
3,4.0
3,4.0
3,4.0
3,4.0
3,4.0
3,4.0
3,4.0
3,4.0
3,4.0
3,4.0
3,4.0
3,4.0
3,4.0
3,4.0
3,4.0
3,4.0
5,4.0
3,4.0
3,4.0
3,4.0
3,4.0
3,4.0
3,4.0
3,4.0
3,4.0
3,4.0
3,4.0
3,4.0
3,4.0
3,4.0
3,4.0
3,4.0
3,4.0
3,4.0
3,4.0
3,4.0
3,4.0
3,4.0
3,3.0
3,3.0
3,3.0
3,3.0
3,3.0
3,3.0
19,4.0
3,4.0
3,4.0
3,4.0
3,4.0
3,4.0
3,4.0
3,4.0
3,4.0
3,4.0
3,4.0
19,4.0
3,4.0
21,4.0
3,4.0
3,4.0
3,4.0
3,4.0
3,4.0
3,4.0
3,4.0
3,4.0
3,4.0
3,4.0
3,4.0
3,4.0
3,4.0
3,4.0
3,4.0
15,4.0
3,4.0
3,4.0
3,4.0
3,4.0
3,4.0
3,4.0
3,4.0
3,4.0
3,4.0
3,4.0
3,4.0
3,4.0
3,4.0
3,4.0
3,4.0
3,4.0
7,4.0
3,4.0
3,4.0
3,4.0
3,4.0
3,4.0
3,4.0
5,4.0
3,4.0
3,4.0
3,4.0
3,4.0
3,4.0
3,4.0
3,4.0
3,4.0
3,4.0
3,4.0
3,4.0
13,4.0
3,4.0
3,4.0
3,4.0
3,4.0
3,4.0
3,4.0
3,4.0
3,4.0
3,4.0
3,4.0
3,4.0
3,4.0
3,4.0
21,4.0
7,4.0
3,4.0
3,4.0
3,4.0
3,4.0
3,4.0
3,4.0
3,4.0
3,4.0
3,4.0
3,4.0
19,4.0
3,4.0
3,4.0
3,4.0
3,4.0
3,4.0
3,4.0
13,4.0
3,4.0
3,4.0
3,4.0
3,4.0
3,4.0
3,4.0
3,4.0
3,4.0
3,4.0
3,4.0
3,4.0
3,4.0
21,4.0
3,4.0
3,4.0
3,4.0
3,4.0
3,4.0
3,4.0
3,4.0
3,4.0
3,4.0
5,4.0
3,4.0
5,4.0
3,4.0
3,4.0
11,4.0
3,4.0
3,4.0
3,4.0
3,4.0
3,4.0
3,4.0
5,4.0
3,4.0
3,4.0
3,4.0
3,4.0
3,4.0
3,4.0
3,4.0
3,4.0
3,4.0
23,4.0
3,4.0
3,4.0
3,4.0
3,4.0
3,4.0
19,4.0
3,4.0
3,4.0
3,4.0
3,4.0
3,4.0
5,4.0
3,4.0
3,4.0
3,4.0
3,4.0
3,4.0
3,4.0
3,4.0
3,4.0
3,4.0
3,4.0
3,4.0
3,4.0
3,4.0
3,4.0
3,4.0
3,4.0
3,4.0
3,4.0
3,4.0
3,4.0
3,4.0
3,4.0
3,4.0
3,4.0
3,4.0
3,4.0
3,4.0
3,4.0
3,4.0
3,4.0
3,4.0
3,4.0
3,4.0
3,4.0
3,4.0
3,4.0
3,4.0
3,4.0
3,4.0
3,4.0
3,4.0
3,4.0
3,4.0
3,4.0
5,4.0
3,4.0
3,4.0
3,4.0
3,4.0
3,4.0
3,4.0
3,4.0
3,4.0
3,4.0
3,4.0
3,4.0
3,4.0
3,4.0
3,4.0
3,4.0
13,4.0
3,4.0
3,4.0
3,4.0
3,4.0
3,4.0
3,4.0
3,4.0
3,4.0
3,4.0
3,4.0
3,4.0
3,4.0
3,4.0
3,4.0
3,4.0
3,4.0
3,4.0
3,4.0
3,4.0
3,4.0
15,4.0
3,4.0
7,4.0
3,4.0
3,4.0
3,4.0
3,4.0
3,4.0
3,4.0
3,4.0
3,4.0
3,4.0
3,4.0
3,4.0
3,4.0
17,4.0
3,4.0
3,4.0
3,4.0
3,4.0
3,4.0
3,4.0
3,4.0
3,4.0
3,4.0
3,4.0
3,4.0
3,4.0
3,4.0
3,4.0
3,4.0
3,4.0
3,4.0
3,4.0
3,4.0
3,4.0
3,4.0
3,4.0
29,4.0
3,4.0
3,4.0
3,4.0
3,4.0
3,4.0
3,4.0
3,4.0
3,4.0
3,4.0
5,4.0
3,4.0
7,4.0
3,4.0
3,4.0
3,4.0
3,4.0
5,4.0
3,4.0
13,4.0
3,4.0
3,4.0
3,4.0
3,4.0
3,4.0
3,4.0
3,4.0
3,4.0
3,4.0
3,4.0
3,4.0
3,4.0
3,4.0
3,4.0
3,4.0
3,4.0
3,4.0
3,4.0
3,4.0
3,4.0
27,4.0
3,4.0
3,4.0
3,4.0
3,4.0
3,4.0
3,4.0
3,4.0
3,4.0
3,4.0
3,4.0
3,4.0
3,4.0
3,4.0
3,4.0
3,4.0
3,4.0
3,4.0
3,4.0
3,4.0
3,4.0
3,4.0
3,4.0
3,4.0
3,4.0
9,4.0
3,4.0
3,4.0
3,4.0
3,4.0
9,4.0
3,4.0
3,4.0
5,4.0
3,4.0
3,4.0
3,4.0
3,4.0
3,4.0
3,4.0
5,4.0
3,4.0
3,4.0
3,4.0
3,4.0
5,4.0
3,4.0
3,4.0
3,4.0
15,4.0
21,4.0
3,4.0
3,4.0
3,4.0
3,4.0
3,4.0
3,4.0
3,4.0
3,4.0
3,4.0
3,4.0
3,4.0
3,4.0
3,4.0
3,4.0
3,4.0
3,4.0
3,4.0
3,4.0
3,4.0
7,4.0
3,4.0
3,4.0
3,4.0
3,4.0
3,4.0
17,4.0
3,4.0
3,4.0
3,4.0
3,4.0
3,4.0
3,4.0
3,4.0
3,4.0
3,4.0
3,4.0
3,4.0
3,4.0
3,4.0
3,4.0
3,4.0
23,4.0
3,4.0
3,4.0
3,4.0
3,4.0
3,4.0
3,4.0
3,4.0
3,4.0
3,4.0
3,4.0
3,4.0
3,4.0
3,4.0
3,4.0
3,4.0
3,4.0
3,4.0
3,4.0
3,4.0
3,4.0
3,4.0
3,4.0
3,4.0
13,4.0
3,4.0
3,4.0
3,4.0
3,4.0
3,4.0
3,4.0
3,4.0
3,4.0
3,4.0
3,4.0
3,4.0
3,4.0
3,4.0
3,4.0
3,4.0
3,4.0
3,4.0
3,4.0
3,4.0
5,4.0
3,4.0
13,4.0
3,4.0
3,4.0
3,4.0
3,4.0
3,4.0
3,4.0
3,4.0
3,4.0
5,4.0
3,4.0
3,4.0
3,4.0
3,4.0
3,4.0
3,4.0
3,4.0
3,4.0
3,4.0
3,4.0
3,4.0
3,4.0
3,4.0
3,4.0
3,4.0
3,4.0
3,4.0
3,4.0
3,4.0
3,4.0
3,4.0
3,4.0
5,4.0
3,4.0
3,4.0
3,4.0
3,4.0
3,4.0
11,4.0
3,4.0
3,4.0
3,4.0
23,4.0
3,4.0
3,4.0
3,4.0
3,4.0
3,4.0
3,4.0
3,4.0
3,4.0
3,4.0
3,4.0
3,4.0
3,4.0
3,4.0
3,4.0
3,4.0
3,4.0
3,4.0
3,4.0
3,4.0
3,4.0
3,4.0
3,4.0
3,4.0
3,4.0
3,4.0
3,4.0
3,4.0
3,4.0
3,4.0
3,4.0
3,4.0
3,4.0
3,4.0
3,4.0
3,4.0
3,4.0
3,4.0
3,4.0
3,4.0
3,4.0
11,4.0
3,4.0
3,4.0
3,4.0
3,4.0
3,4.0
3,4.0
3,4.0
3,4.0
3,4.0
3,4.0
3,4.0
3,4.0
3,4.0
3,4.0
3,4.0
3,4.0
3,4.0
3,4.0
3,4.0
3,4.0
3,4.0
3,4.0
3,4.0
3,4.0
3,4.0
3,4.0
3,4.0
3,4.0
3,4.0
3,4.0
3,4.0
3,4.0
3,4.0
3,4.0
3,4.0
3,4.0
3,4.0
3,4.0
3,4.0
3,4.0
3,4.0
3,4.0
3,4.0
3,4.0
15,4.0
3,4.0
3,4.0
3,4.0
7,4.0
3,4.0
3,4.0
3,4.0
3,4.0
3,4.0
3,4.0
3,4.0
15,4.0
3,4.0
3,4.0
3,4.0
3,4.0
3,4.0
3,4.0
3,4.0
3,4.0
3,4.0
3,4.0
3,4.0
11,4.0
3,4.0
3,4.0
3,4.0
3,4.0
3,4.0
3,4.0
3,4.0
3,4.0
3,4.0
3,4.0
3,4.0
3,4.0
13,4.0
3,4.0
3,4.0
3,4.0
3,4.0
3,4.0
3,4.0
3,4.0
3,4.0
3,4.0
3,4.0
3,4.0
3,4.0
3,4.0
3,4.0
3,4.0
11,4.0
3,4.0
3,4.0
15,4.0
3,4.0
19,4.0
3,4.0
3,4.0
3,4.0
3,4.0
3,4.0
3,4.0
3,4.0
3,4.0
3,4.0
3,4.0
3,4.0
3,4.0
3,4.0
3,4.0
3,4.0
3,4.0
13,4.0
3,4.0
3,4.0
3,4.0
3,4.0
3,4.0
3,4.0
3,4.0
3,4.0
3,4.0
3,4.0
3,4.0
15,4.0
3,4.0
3,4.0
3,4.0
3,4.0
3,4.0
3,4.0
3,4.0
3,4.0
3,4.0
3,4.0
3,4.0
3,4.0
3,4.0
3,4.0
3,4.0
3,4.0
7,4.0
3,4.0
3,4.0
17,4.0
3,4.0
3,4.0
3,4.0
7,4.0
3,4.0
5,4.0
3,4.0
3,4.0
3,4.0
3,4.0
3,4.0
3,4.0
3,4.0
3,4.0
3,4.0
3,4.0
3,4.0
3,4.0
3,4.0
3,4.0
3,4.0
5,4.0
3,4.0
3,4.0
3,4.0
3,4.0
3,4.0
3,4.0
15,4.0
3,4.0
3,4.0
3,4.0
3,4.0
3,4.0
9,4.0
3,4.0
5,4.0
3,4.0
3,4.0
3,4.0
3,4.0
3,4.0
3,4.0
11,4.0
3,4.0
5,4.0
3,4.0
3,4.0
3,4.0
17,4.0
3,4.0
11,4.0
7,4.0
3,4.0
3,4.0
3,4.0
3,4.0
11,4.0
3,4.0
3,4.0
3,4.0
3,4.0
3,4.0
3,4.0
3,4.0
3,4.0
3,4.0
3,4.0
3,4.0
3,4.0
3,4.0
3,4.0
3,4.0
3,4.0
3,4.0
3,4.0
3,4.0
3,4.0
3,4.0
5,4.0
3,4.0
3,4.0
3,4.0
3,4.0
3,4.0
3,4.0
7,4.0
3,4.0
3,4.0
3,4.0
3,4.0
3,4.0
3,4.0
3,4.0
3,4.0
17,4.0
3,4.0
3,4.0
3,4.0
15,4.0
3,4.0
3,4.0
3,4.0
3,4.0
3,4.0
3,4.0
3,4.0
3,4.0
5,4.0
3,4.0
3,4.0
9,4.0
3,4.0
3,4.0
3,4.0
3,4.0
3,4.0
3,4.0
3,4.0
3,4.0
3,4.0
3,4.0
3,4.0
3,4.0
3,4.0
3,4.0
3,4.0
17,4.0
3,4.0
3,4.0
3,4.0
3,4.0
3,4.0
3,4.0
3,4.0
3,4.0
3,4.0
3,4.0
3,4.0
3,4.0
19,4.0
3,4.0
3,4.0
3,4.0
3,4.0
3,4.0
3,4.0
3,4.0
3,4.0
3,4.0
3,4.0
3,4.0
3,4.0
3,4.0
3,4.0
3,4.0
3,4.0
3,4.0
3,4.0
3,4.0
19,4.0
3,4.0
3,4.0
3,4.0
3,4.0
3,4.0
3,4.0
3,4.0
3,4.0
3,4.0
3,4.0
3,4.0
3,4.0
5,4.0
3,4.0
3,4.0
3,4.0
7,4.0
3,4.0
3,4.0
3,4.0
3,4.0
3,4.0
3,4.0
3,4.0
3,4.0
15,4.0
7,4.0
3,4.0
3,4.0
3,4.0
5,4.0
3,4.0
15,4.0
3,4.0
3,4.0
3,4.0
3,4.0
3,4.0
3,4.0
3,4.0
3,4.0
3,4.0
3,4.0
3,4.0
3,4.0
3,4.0
5,4.0
3,4.0
3,4.0
3,4.0
3,4.0
13,4.0
3,4.0
3,4.0
3,4.0
3,4.0
3,4.0
3,4.0
3,4.0
3,4.0
3,4.0
3,4.0
3,4.0
3,4.0
3,4.0
3,4.0
3,4.0
3,4.0
3,4.0
19,4.0
3,4.0
3,4.0
3,4.0
3,4.0
3,4.0
3,4.0
3,4.0
3,4.0
3,4.0
3,4.0
23,4.0
3,4.0
3,4.0
3,4.0
3,4.0
3,4.0
3,4.0
3,4.0
3,4.0
3,4.0
3,4.0
3,4.0
3,4.0
3,4.0
3,4.0
3,4.0
3,4.0
3,4.0
3,4.0
3,4.0
3,4.0
3,4.0
3,4.0
3,4.0
3,4.0
3,4.0
5,4.0
3,4.0
15,4.0
3,4.0
3,4.0
3,4.0
3,4.0
3,4.0
3,4.0
3,4.0
3,4.0
3,4.0
5,4.0
3,4.0
3,4.0
3,4.0
3,4.0
7,4.0
3,4.0
3,4.0
3,4.0
3,4.0
3,4.0
3,4.0
3,4.0
3,4.0
3,4.0
3,4.0
3,4.0
3,4.0
3,4.0
3,4.0
3,4.0
3,4.0
3,4.0
3,4.0
3,4.0
3,4.0
3,4.0
3,4.0
3,4.0
3,4.0
3,4.0
3,4.0
3,4.0
3,4.0
3,4.0
3,4.0
3,4.0
3,4.0
3,4.0
3,4.0
3,4.0
3,4.0
3,4.0
3,4.0
3,4.0
7,4.0
3,4.0
3,4.0
3,4.0
3,4.0
3,4.0
3,4.0
3,4.0
3,4.0
3,4.0
3,4.0
3,4.0
3,4.0
3,4.0
3,4.0
3,4.0
3,4.0
3,4.0
3,4.0
3,4.0
19,4.0
3,4.0
3,4.0
3,4.0
3,4.0
3,4.0
5,4.0
3,4.0
3,4.0
3,4.0
3,4.0
3,4.0
3,4.0
5,4.0
3,4.0
3,4.0
13,4.0
3,4.0
3,4.0
3,4.0
3,4.0
3,4.0
3,4.0
3,4.0
3,4.0
3,4.0
3,4.0
21,4.0
3,4.0
3,4.0
3,4.0
3,4.0
3,4.0
3,4.0
3,4.0
3,4.0
3,4.0
5,4.0
3,4.0
3,4.0
3,4.0
3,4.0
3,4.0
15,4.0
3,4.0
3,4.0
3,4.0
3,4.0
3,4.0
3,4.0
3,4.0
3,4.0
25,4.0
3,4.0
3,4.0
3,4.0
3,4.0
9,4.0
3,4.0
3,4.0
3,4.0
3,4.0
3,4.0
3,4.0
3,4.0
3,4.0
3,4.0
3,4.0
3,4.0
3,4.0
3,4.0
3,4.0
3,4.0
3,4.0
3,4.0
3,4.0
3,4.0
3,4.0
3,4.0
3,4.0
3,4.0
3,4.0
3,4.0
3,4.0
3,4.0
3,4.0
15,4.0
3,4.0
3,4.0
15,4.0
3,4.0
11,4.0
3,4.0
3,4.0
25,4.0
3,4.0
3,4.0
3,4.0
3,4.0
3,4.0
3,4.0
3,4.0
3,4.0
3,4.0
3,4.0
3,4.0
3,4.0
3,4.0
3,4.0
3,4.0
3,4.0
15,4.0
3,4.0
3,4.0
3,4.0
3,4.0
3,4.0
3,4.0
3,4.0
3,4.0
3,4.0
3,4.0
3,4.0
3,4.0
3,4.0
3,4.0
3,4.0
3,4.0
3,4.0
3,4.0
3,4.0
9,4.0
3,4.0
3,4.0
3,4.0
21,4.0
3,4.0
3,4.0
3,4.0
3,4.0
3,4.0
3,4.0
3,4.0
9,4.0
3,4.0
3,4.0
25,4.0
3,4.0
3,4.0
3,4.0
3,4.0
3,4.0
3,4.0
3,4.0
3,4.0
3,4.0
3,4.0
3,4.0
3,4.0
3,4.0
3,4.0
3,4.0
3,4.0
7,4.0
3,4.0
3,4.0
3,4.0
3,4.0
3,4.0
3,4.0
3,4.0
3,4.0
3,4.0
3,4.0
3,4.0
3,4.0
3,4.0
3,4.0
3,4.0
3,4.0
3,4.0
3,4.0
3,4.0
3,4.0
3,4.0
3,4.0
3,4.0
3,4.0
3,4.0
3,4.0
3,4.0
3,4.0
3,4.0
3,4.0
3,4.0
3,4.0
11,4.0
3,4.0
3,4.0
3,4.0
3,4.0
3,4.0
3,4.0
3,4.0
3,4.0
3,4.0
3,4.0
3,4.0
3,4.0
3,4.0
3,4.0
3,4.0
3,4.0
3,4.0
3,4.0
3,4.0
3,4.0
7,4.0
3,4.0
3,4.0
3,4.0
3,4.0
3,4.0
3,4.0
3,4.0
3,4.0
3,4.0
3,4.0
3,4.0
3,4.0
3,4.0
3,4.0
3,4.0
3,4.0
3,4.0
3,4.0
3,4.0
3,4.0
3,4.0
3,4.0
3,4.0
15,4.0
3,4.0
3,4.0
3,4.0
3,4.0
3,4.0
3,4.0
3,4.0
7,4.0
3,4.0
3,4.0
3,4.0
3,4.0
3,4.0
3,4.0
9,4.0
3,4.0
3,4.0
3,4.0
3,4.0
3,4.0
5,4.0
3,4.0
3,4.0
3,4.0
3,4.0
3,4.0
3,4.0
3,4.0
3,4.0
3,4.0
3,4.0
3,4.0
3,4.0
17,4.0
3,4.0
3,4.0
3,4.0
3,4.0
3,4.0
3,4.0
3,4.0
3,4.0
3,4.0
3,4.0
11,4.0
3,4.0
3,4.0
3,4.0
3,4.0
3,4.0
3,4.0
3,4.0
3,4.0
3,4.0
3,4.0
3,4.0
3,4.0
3,4.0
3,4.0
3,4.0
3,4.0
3,4.0
3,4.0
3,4.0
3,4.0
3,4.0
3,4.0
3,4.0
3,4.0
3,4.0
3,4.0
3,4.0
3,4.0
3,4.0
3,4.0
3,4.0
15,4.0
3,4.0
3,4.0
3,4.0
3,4.0
3,4.0
17,4.0
3,4.0
3,4.0
5,4.0
3,4.0
3,4.0
3,4.0
11,4.0
3,4.0
3,4.0
3,4.0
3,4.0
3,4.0
3,4.0
3,4.0
3,4.0
3,4.0
3,4.0
3,4.0
3,4.0
3,4.0
3,4.0
3,4.0
3,4.0
3,4.0
3,4.0
3,4.0
3,4.0
3,4.0
3,4.0
3,4.0
3,4.0
3,4.0
3,4.0
3,4.0
3,4.0
3,4.0
3,4.0
3,4.0
3,4.0
3,4.0
3,4.0
3,4.0
3,4.0
3,4.0
3,4.0
3,4.0
3,4.0
3,4.0
3,4.0
3,4.0
3,4.0
5,4.0
3,4.0
3,4.0
3,4.0
15,4.0
3,4.0
3,4.0
3,4.0
3,4.0
3,4.0
3,4.0
3,4.0
3,4.0
5,4.0
3,4.0
25,4.0
3,4.0
3,4.0
3,4.0
3,4.0
3,4.0
3,4.0
17,4.0
3,4.0
3,4.0
3,4.0
3,4.0
3,4.0
3,4.0
15,4.0
3,4.0
3,4.0
3,4.0
3,4.0
3,4.0
3,4.0
3,4.0
3,4.0
3,4.0
3,4.0
3,4.0
3,4.0
3,4.0
11,4.0
3,4.0
3,4.0
3,4.0
3,4.0
3,4.0
3,4.0
3,4.0
7,4.0
3,4.0
3,4.0
3,4.0
3,4.0
3,4.0
3,4.0
3,4.0
3,4.0
3,4.0
3,4.0
3,4.0
3,4.0
3,4.0
3,4.0
3,4.0
3,4.0
3,4.0
3,4.0
3,4.0
3,4.0
3,4.0
3,4.0
3,4.0
3,4.0
3,4.0
3,4.0
3,4.0
3,4.0
3,4.0
3,4.0
3,4.0
7,4.0
3,4.0
3,4.0
3,4.0
3,4.0
3,4.0
3,4.0
19,4.0
3,4.0
3,4.0
9,4.0
3,4.0
3,4.0
3,4.0
3,4.0
3,4.0
3,4.0
3,4.0
3,4.0
3,4.0
3,4.0
3,4.0
3,4.0
3,4.0
3,4.0
3,4.0
3,4.0
3,4.0
3,4.0
3,4.0
3,4.0
3,4.0
3,4.0
3,4.0
3,4.0
3,4.0
3,4.0
3,4.0
3,4.0
3,4.0
5,4.0
3,4.0
3,4.0
3,4.0
3,4.0
3,4.0
3,4.0
3,4.0
3,4.0
3,4.0
3,4.0
3,4.0
3,4.0
3,4.0
3,4.0
3,4.0
3,4.0
3,4.0
3,4.0
3,4.0
3,4.0
3,4.0
3,4.0
3,4.0
3,4.0
3,4.0
3,4.0
3,4.0
3,4.0
3,4.0
3,4.0
3,4.0
3,4.0
3,4.0
3,4.0
3,4.0
3,4.0
3,4.0
3,4.0
3,4.0
3,4.0
3,4.0
15,4.0
3,4.0
3,4.0
3,4.0
3,4.0
3,4.0
3,4.0
3,4.0
3,4.0
3,4.0
3,4.0
3,4.0
3,4.0
3,4.0
3,4.0
3,4.0
3,4.0
3,4.0
3,4.0
3,4.0
3,4.0
3,4.0
3,4.0
3,4.0
3,4.0
3,4.0
3,4.0
3,4.0
3,4.0
17,4.0
3,4.0
3,4.0
3,4.0
3,4.0
3,4.0
3,4.0
3,4.0
3,4.0
3,4.0
5,4.0
3,4.0
5,4.0
3,4.0
3,4.0
5,4.0
3,4.0
3,4.0
3,4.0
3,4.0
3,4.0
3,4.0
3,4.0
3,4.0
3,4.0
3,4.0
3,4.0
3,4.0
3,4.0
3,4.0
3,4.0
3,4.0
3,4.0
3,4.0
3,4.0
3,4.0
3,4.0
3,4.0
3,4.0
3,4.0
3,4.0
3,4.0
3,4.0
13,4.0
3,4.0
3,4.0
3,4.0
3,4.0
3,4.0
3,4.0
3,4.0
3,4.0
3,4.0
3,4.0
3,4.0
3,4.0
13,4.0
3,4.0
3,4.0
3,4.0
3,4.0
3,4.0
3,4.0
3,4.0
3,4.0
3,4.0
21,4.0
3,4.0
3,4.0
3,4.0
3,4.0
3,4.0
3,4.0
3,4.0
3,4.0
3,4.0
3,4.0
3,4.0
3,4.0
3,4.0
3,4.0
3,4.0
3,4.0
3,4.0
3,4.0
3,4.0
3,4.0
3,4.0
3,4.0
3,4.0
3,4.0
3,4.0
3,4.0
3,4.0
3,4.0
3,4.0
3,4.0
3,4.0
3,4.0
3,4.0
3,4.0
3,4.0
3,4.0
3,4.0
3,4.0
3,4.0
3,4.0
3,4.0
3,4.0
3,4.0
3,4.0
3,4.0
3,4.0
3,4.0
3,4.0
3,4.0
3,4.0
13,4.0
3,4.0
3,4.0
3,4.0
13,4.0
3,4.0
3,4.0
3,4.0
3,4.0
3,4.0
5,4.0
3,4.0
3,4.0
3,4.0
3,4.0
3,4.0
3,4.0
3,4.0
3,4.0
3,4.0
3,4.0
3,4.0
3,4.0
3,4.0
3,4.0
3,4.0
3,4.0
3,4.0
3,4.0
3,4.0
3,4.0
3,4.0
3,4.0
15,4.0
7,4.0
3,4.0
3,4.0
3,4.0
3,4.0
3,4.0
3,4.0
3,4.0
3,4.0
3,4.0
3,4.0
3,4.0
3,4.0
3,4.0
3,4.0
3,4.0
7,4.0
23,4.0
3,4.0
3,4.0
3,4.0
3,4.0
3,4.0
3,4.0
3,4.0
3,4.0
3,4.0
3,4.0
3,4.0
3,4.0
3,4.0
3,4.0
3,4.0
3,4.0
3,4.0
3,4.0
3,4.0
3,4.0
5,4.0
3,4.0
3,4.0
3,4.0
3,4.0
3,4.0
3,4.0
3,4.0
3,4.0
3,4.0
3,4.0
3,4.0
3,4.0
3,4.0
3,4.0
3,4.0
3,4.0
3,4.0
3,4.0
3,4.0
3,4.0
3,4.0
3,4.0
3,4.0
3,4.0
3,4.0
3,4.0
3,4.0
3,4.0
3,4.0
3,4.0
3,4.0
3,4.0
3,4.0
3,4.0
3,4.0
3,4.0
3,4.0
3,4.0
3,4.0
3,4.0
3,4.0
7,4.0
3,4.0
3,4.0
3,4.0
3,4.0
3,4.0
3,4.0
3,4.0
3,4.0
11,4.0
3,4.0
3,4.0
3,4.0
3,4.0
3,4.0
3,4.0
3,4.0
3,4.0
3,4.0
17,4.0
3,4.0
3,4.0
3,4.0
21,4.0
3,4.0
3,4.0
3,4.0
3,4.0
3,4.0
3,4.0
3,4.0
3,4.0
3,4.0
3,4.0
3,4.0
3,4.0
3,4.0
3,4.0
3,4.0
3,4.0
3,4.0
33,4.0
3,4.0
3,4.0
13,4.0
3,4.0
3,4.0
3,4.0
3,4.0
3,4.0
3,4.0
3,4.0
3,4.0
3,4.0
3,4.0
3,4.0
3,4.0
3,4.0
3,4.0
3,4.0
3,4.0
3,4.0
3,4.0
3,4.0
3,4.0
3,4.0
3,4.0
3,4.0
3,4.0
3,4.0
3,4.0
3,4.0
3,4.0
3,4.0
3,4.0
3,4.0
11,4.0
3,4.0
3,4.0
3,4.0
3,4.0
3,4.0
3,4.0
3,4.0
3,4.0
3,4.0
3,4.0
3,4.0
3,4.0
3,4.0
3,4.0
3,4.0
3,4.0
3,4.0
3,4.0
3,4.0
3,4.0
7,4.0
3,4.0
3,4.0
3,4.0
3,4.0
3,4.0
3,4.0
3,4.0
3,4.0
3,4.0
3,4.0
3,4.0
3,4.0
3,4.0
3,4.0
3,4.0
3,4.0
3,4.0
3,4.0
3,4.0
3,4.0
3,4.0
3,4.0
3,4.0
3,4.0
3,4.0
3,4.0
3,4.0
15,4.0
3,4.0
3,4.0
3,4.0
3,4.0
3,4.0
3,4.0
3,4.0
3,4.0
3,4.0
3,4.0
3,4.0
3,4.0
3,4.0
3,4.0
3,4.0
5,4.0
3,4.0
3,4.0
3,4.0
3,4.0
3,4.0
3,4.0
3,4.0
3,4.0
3,4.0
3,4.0
3,4.0
3,4.0
3,4.0
5,4.0
3,4.0
3,4.0
3,4.0
3,4.0
3,4.0
3,4.0
3,4.0
3,4.0
3,4.0
3,4.0
3,4.0
3,4.0
3,4.0
3,4.0
13,4.0
3,4.0
13,4.0
21,4.0
3,4.0
3,4.0
3,4.0
3,4.0
3,4.0
3,4.0
3,4.0
3,4.0
3,4.0
3,4.0
3,4.0
3,4.0
3,4.0
3,4.0
3,4.0
3,4.0
3,4.0
3,4.0
3,4.0
3,4.0
3,4.0
3,4.0
3,4.0
3,4.0
3,4.0
3,4.0
3,4.0
3,4.0
3,4.0
3,4.0
3,4.0
3,4.0
3,4.0
3,4.0
3,4.0
3,4.0
3,4.0
3,4.0
3,4.0
3,4.0
3,4.0
3,4.0
3,4.0
3,4.0
3,4.0
3,4.0
3,4.0
3,4.0
3,4.0
3,4.0
3,4.0
3,4.0
3,4.0
3,4.0
3,4.0
13,4.0
3,4.0
3,4.0
3,4.0
3,4.0
3,4.0
3,4.0
3,4.0
3,4.0
3,4.0
3,4.0
3,4.0
3,4.0
3,4.0
3,4.0
3,4.0
3,4.0
3,4.0
3,4.0
3,4.0
3,4.0
3,4.0
3,4.0
3,4.0
3,4.0
3,4.0
3,4.0
3,4.0
3,4.0
3,4.0
3,4.0
3,4.0
3,4.0
5,4.0
3,4.0
3,4.0
3,4.0
3,4.0
3,4.0
21,4.0
3,4.0
3,4.0
3,4.0
3,4.0
15,4.0
3,4.0
13,4.0
3,4.0
3,4.0
3,4.0
3,4.0
3,4.0
3,4.0
3,4.0
3,4.0
3,4.0
3,4.0
3,4.0
3,4.0
3,4.0
3,4.0
3,4.0
3,4.0
3,4.0
3,4.0
3,4.0
3,4.0
3,4.0
3,4.0
3,4.0
3,4.0
3,4.0
3,4.0
3,4.0
3,4.0
3,4.0
3,4.0
3,4.0
3,4.0
3,4.0
3,4.0
3,4.0
3,4.0
3,4.0
3,4.0
3,4.0
3,4.0
3,4.0
3,4.0
3,4.0
3,4.0
3,4.0
3,4.0
3,4.0
3,4.0
3,4.0
3,4.0
3,4.0
23,4.0
3,4.0
3,4.0
3,4.0
3,4.0
15,4.0
3,4.0
3,4.0
3,4.0
5,4.0
3,4.0
3,4.0
3,4.0
3,4.0
3,4.0
3,4.0
3,4.0
3,4.0
3,4.0
3,4.0
3,4.0
3,4.0
3,4.0
3,4.0
3,4.0
3,4.0
3,4.0
3,4.0
3,4.0
13,4.0
13,4.0
3,4.0
21,4.0
3,4.0
3,4.0
3,4.0
3,4.0
3,4.0
3,4.0
3,4.0
3,4.0
3,4.0
3,4.0
5,4.0
3,4.0
17,4.0
3,4.0
3,4.0
3,4.0
3,4.0
3,4.0
3,4.0
3,4.0
3,4.0
3,4.0
3,4.0
3,4.0
3,4.0
3,4.0
3,4.0
3,4.0
3,4.0
3,4.0
3,4.0
3,4.0
3,4.0
3,4.0
3,4.0
3,4.0
3,4.0
3,4.0
3,4.0
3,4.0
3,4.0
3,4.0
3,4.0
11,4.0
3,4.0
3,4.0
3,4.0
3,4.0
3,4.0
3,4.0
3,4.0
3,4.0
3,4.0
3,4.0
3,4.0
3,4.0
3,4.0
3,4.0
3,4.0
3,4.0
3,4.0
3,4.0
3,4.0
3,4.0
3,4.0
3,4.0
3,4.0
3,4.0
3,4.0
3,4.0
3,4.0
3,4.0
3,4.0
3,4.0
3,4.0
3,4.0
3,4.0
3,4.0
3,4.0
3,4.0
3,4.0
3,4.0
3,4.0
3,4.0
3,4.0
3,4.0
3,4.0
3,4.0
3,4.0
3,4.0
3,4.0
3,4.0
3,4.0
3,4.0
3,4.0
3,4.0
3,4.0
19,4.0
11,4.0
3,4.0
3,4.0
15,4.0
3,4.0
3,4.0
3,4.0
3,4.0
3,4.0
3,4.0
3,4.0
3,4.0
3,4.0
3,4.0
3,4.0
3,4.0
3,4.0
3,4.0
3,4.0
11,4.0
3,4.0
3,4.0
3,4.0
5,4.0
3,4.0
3,4.0
3,4.0
3,4.0
3,4.0
3,4.0
3,4.0
3,4.0
3,4.0
3,4.0
3,4.0
3,4.0
3,4.0
5,4.0
19,4.0
3,4.0
3,4.0
3,4.0
3,4.0
11,4.0
3,4.0
3,4.0
3,4.0
3,4.0
3,4.0
3,4.0
3,4.0
3,4.0
3,4.0
3,4.0
3,4.0
3,4.0
3,4.0
3,4.0
3,4.0
3,4.0
3,4.0
3,4.0
3,4.0
3,4.0
15,4.0
3,4.0
3,4.0
3,4.0
3,4.0
3,4.0
3,4.0
3,4.0
3,4.0
3,4.0
3,4.0
11,4.0
3,4.0
5,4.0
3,4.0
3,4.0
3,4.0
3,4.0
3,4.0
3,4.0
3,4.0
3,4.0
3,4.0
3,4.0
3,4.0
3,4.0
3,4.0
3,4.0
7,4.0
3,4.0
3,4.0
3,4.0
3,4.0
3,4.0
3,4.0
3,4.0
3,4.0
3,4.0
3,4.0
3,4.0
3,4.0
3,4.0
3,4.0
3,4.0
3,4.0
3,4.0
3,4.0
3,4.0
3,4.0
13,4.0
3,4.0
3,4.0
3,4.0
3,4.0
3,4.0
3,4.0
3,4.0
5,4.0
3,4.0
17,4.0
3,4.0
29,4.0
3,4.0
3,4.0
3,4.0
3,4.0
3,4.0
3,4.0
3,4.0
5,4.0
9,4.0
3,4.0
3,4.0
3,4.0
3,4.0
3,4.0
3,4.0
3,4.0
3,4.0
3,4.0
3,4.0
3,4.0
3,4.0
3,4.0
3,4.0
3,4.0
3,4.0
3,4.0
3,4.0
3,4.0
3,4.0
17,4.0
3,4.0
3,4.0
3,4.0
3,4.0
3,4.0
3,4.0
3,4.0
3,4.0
5,4.0
3,4.0
3,4.0
3,4.0
3,4.0
3,4.0
3,4.0
3,4.0
3,4.0
3,4.0
3,4.0
3,4.0
3,4.0
3,4.0
3,4.0
3,4.0
3,4.0
3,4.0
3,4.0
3,4.0
3,4.0
3,4.0
3,4.0
3,4.0
3,4.0
3,4.0
3,4.0
3,4.0
3,4.0
9,4.0
3,4.0
3,4.0
3,4.0
3,4.0
3,4.0
3,4.0
3,4.0
3,4.0
3,4.0
3,4.0
3,4.0
3,4.0
3,4.0
3,4.0
3,4.0
3,4.0
3,4.0
3,4.0
3,4.0
3,4.0
3,4.0
3,4.0
3,4.0
3,4.0
5,4.0
3,4.0
3,4.0
3,4.0
3,4.0
3,4.0
3,4.0
13,4.0
3,4.0
3,4.0
3,4.0
3,4.0
11,4.0
3,4.0
3,4.0
3,4.0
3,4.0
3,4.0
3,4.0
3,4.0
3,4.0
3,4.0
3,4.0
3,4.0
3,4.0
13,4.0
3,4.0
3,4.0
3,4.0
3,4.0
3,4.0
3,4.0
3,4.0
3,4.0
3,4.0
3,4.0
3,4.0
3,4.0
3,4.0
3,4.0
3,4.0
3,4.0
3,4.0
3,4.0
3,4.0
3,4.0
3,4.0
3,4.0
3,4.0
3,4.0
3,4.0
5,4.0
3,4.0
3,4.0
3,4.0
3,4.0
3,4.0
3,4.0
3,4.0
3,4.0
3,4.0
3,4.0
3,4.0
3,4.0
3,4.0
3,4.0
3,4.0
3,4.0
3,4.0
3,4.0
3,4.0
5,4.0
3,4.0
3,4.0
3,4.0
3,4.0
3,4.0
3,4.0
3,4.0
3,4.0
3,4.0
3,4.0
3,4.0
3,4.0
17,4.0
3,4.0
11,4.0
21,4.0
3,4.0
3,4.0
3,4.0
5,4.0
3,4.0
3,4.0
3,4.0
11,4.0
3,4.0
3,4.0
3,4.0
3,4.0
3,4.0
3,4.0
3,4.0
3,4.0
3,4.0
3,4.0
3,4.0
3,4.0
3,4.0
3,4.0
3,4.0
3,4.0
13,4.0
3,4.0
3,4.0
3,4.0
5,4.0
3,4.0
3,4.0
3,4.0
3,4.0
21,4.0
3,4.0
3,4.0
3,4.0
3,4.0
3,4.0
3,4.0
3,4.0
3,4.0
3,4.0
3,4.0
3,4.0
3,4.0
3,4.0
3,4.0
3,4.0
3,4.0
3,4.0
3,4.0
3,4.0
3,4.0
3,4.0
3,4.0
3,4.0
3,4.0
3,4.0
3,4.0
7,4.0
3,4.0
3,4.0
3,4.0
3,4.0
3,4.0
13,4.0
3,4.0
3,4.0
3,4.0
3,4.0
3,4.0
3,4.0
3,4.0
3,4.0
3,4.0
3,4.0
3,4.0
3,4.0
3,4.0
3,4.0
3,4.0
3,4.0
3,4.0
3,4.0
3,4.0
3,4.0
3,4.0
3,4.0
3,4.0
3,4.0
3,4.0
15,4.0
3,4.0
3,4.0
3,4.0
3,4.0
3,4.0
3,4.0
3,4.0
3,4.0
3,4.0
3,4.0
3,4.0
3,4.0
3,4.0
19,4.0
3,4.0
3,4.0
3,4.0
3,4.0
3,4.0
3,4.0
3,4.0
3,4.0
3,4.0
3,4.0
3,4.0
3,4.0
19,4.0
3,4.0
5,4.0
3,4.0
3,4.0
3,4.0
3,4.0
3,4.0
3,4.0
3,4.0
3,4.0
3,4.0
3,4.0
3,4.0
3,4.0
3,4.0
3,4.0
3,4.0
11,4.0
3,4.0
3,4.0
3,4.0
3,4.0
3,4.0
3,4.0
3,4.0
3,4.0
5,4.0
3,4.0
3,4.0
3,4.0
3,4.0
3,4.0
3,4.0
3,4.0
3,4.0
3,4.0
3,4.0
3,4.0
3,4.0
3,4.0
3,4.0
3,4.0
5,4.0
3,4.0
3,4.0
3,4.0
3,4.0
3,4.0
3,4.0
3,4.0
3,4.0
3,4.0
3,4.0
3,4.0
3,4.0
3,4.0
3,4.0
3,4.0
3,4.0
3,4.0
3,4.0
3,4.0
3,4.0
3,4.0
3,4.0
3,4.0
3,4.0
3,4.0
3,4.0
3,4.0
3,4.0
3,4.0
3,4.0
3,4.0
3,4.0
3,4.0
3,4.0
3,4.0
3,4.0
3,4.0
3,4.0
3,4.0
3,4.0
3,4.0
3,4.0
3,4.0
3,4.0
3,4.0
3,4.0
3,4.0
3,4.0
3,4.0
3,4.0
3,4.0
3,4.0
3,4.0
15,4.0
3,4.0
3,4.0
15,4.0
3,4.0
3,4.0
3,4.0
3,4.0
3,4.0
23,4.0
3,4.0
13,4.0
5,4.0
3,4.0
3,4.0
3,4.0
3,4.0
3,4.0
3,4.0
3,4.0
3,4.0
3,4.0
3,4.0
3,4.0
3,4.0
3,4.0
3,4.0
3,4.0
3,4.0
23,4.0
3,4.0
3,4.0
3,4.0
3,4.0
3,4.0
3,4.0
3,4.0
7,4.0
3,4.0
3,4.0
3,4.0
3,4.0
3,4.0
3,4.0
3,4.0
3,4.0
3,4.0
3,4.0
3,4.0
7,4.0
3,4.0
3,4.0
3,4.0
3,4.0
3,4.0
3,4.0
3,4.0
3,4.0
3,4.0
3,4.0
3,4.0
3,4.0
3,4.0
3,4.0
15,4.0
3,4.0
15,4.0
3,4.0
3,4.0
3,4.0
3,4.0
3,4.0
7,4.0
3,4.0
3,4.0
15,4.0
3,4.0
3,4.0
3,4.0
3,4.0
3,4.0
3,4.0
3,4.0
5,4.0
3,4.0
3,4.0
3,4.0
3,4.0
3,4.0
3,4.0
3,4.0
7,4.0
3,4.0
15,4.0
3,4.0
3,4.0
3,4.0
3,4.0
3,4.0
7,4.0
3,4.0
7,4.0
3,4.0
3,4.0
3,4.0
3,4.0
3,4.0
3,4.0
3,4.0
3,4.0
3,4.0
3,4.0
3,4.0
3,4.0
3,4.0
3,4.0
3,4.0
3,4.0
3,4.0
3,4.0
3,4.0
3,4.0
3,4.0
3,4.0
3,4.0
3,4.0
3,4.0
3,4.0
3,4.0
3,4.0
3,4.0
3,4.0
3,4.0
3,4.0
3,4.0
3,4.0
3,4.0
3,4.0
3,4.0
3,4.0
3,4.0
3,4.0
3,4.0
3,4.0
3,4.0
3,4.0
3,4.0
3,4.0
3,4.0
3,4.0
3,4.0
3,4.0
3,4.0
3,4.0
15,4.0
3,4.0
3,4.0
3,4.0
3,4.0
3,4.0
3,4.0
3,4.0
3,4.0
11,4.0
3,4.0
3,4.0
3,4.0
3,4.0
3,4.0
3,4.0
3,4.0
3,4.0
3,4.0
3,4.0
3,4.0
3,4.0
3,4.0
3,4.0
3,4.0
3,4.0
3,4.0
3,4.0
3,4.0
3,4.0
3,4.0
3,4.0
3,4.0
3,4.0
3,4.0
3,4.0
3,4.0
3,4.0
3,4.0
13,4.0
3,4.0
3,4.0
3,4.0
11,4.0
3,4.0
23,4.0
3,4.0
3,4.0
3,4.0
3,4.0
3,4.0
3,4.0
3,4.0
3,4.0
3,4.0
11,4.0
3,4.0
3,4.0
3,4.0
3,4.0
3,4.0
3,4.0
3,4.0
3,4.0
3,4.0
3,4.0
3,4.0
3,4.0
3,4.0
3,4.0
3,4.0
3,4.0
13,4.0
3,4.0
3,4.0
3,4.0
3,4.0
3,4.0
3,4.0
3,4.0
3,4.0
3,4.0
3,4.0
3,4.0
3,4.0
3,4.0
3,4.0
3,4.0
3,4.0
3,4.0
3,4.0
3,4.0
3,4.0
3,4.0
3,4.0
3,4.0
3,4.0
3,4.0
3,4.0
3,4.0
3,4.0
3,4.0
3,4.0
3,4.0
3,4.0
3,4.0
3,4.0
3,4.0
3,4.0
3,4.0
3,4.0
3,4.0
3,4.0
9,4.0
19,4.0
3,4.0
3,4.0
3,4.0
3,4.0
3,4.0
5,4.0
3,4.0
3,4.0
3,4.0
13,4.0
3,4.0
3,4.0
3,4.0
3,4.0
3,4.0
3,4.0
27,4.0
3,4.0
3,4.0
3,4.0
3,4.0
3,4.0
3,4.0
3,4.0
3,4.0
3,4.0
3,4.0
17,4.0
7,4.0
3,4.0
3,4.0
3,4.0
3,4.0
3,4.0
3,4.0
3,4.0
3,4.0
3,4.0
3,4.0
3,4.0
3,4.0
3,4.0
3,4.0
3,4.0
3,4.0
3,4.0
3,4.0
3,4.0
3,4.0
3,4.0
3,4.0
3,4.0
3,4.0
3,4.0
3,4.0
3,4.0
3,4.0
3,4.0
3,4.0
3,4.0
3,4.0
3,4.0
3,4.0
3,4.0
3,4.0
3,4.0
3,4.0
3,4.0
3,4.0
3,4.0
3,4.0
3,4.0
3,4.0
3,4.0
3,4.0
3,4.0
3,4.0
3,4.0
3,4.0
3,4.0
3,4.0
3,4.0
3,4.0
3,4.0
3,4.0
3,4.0
3,4.0
3,4.0
3,4.0
3,4.0
3,4.0
3,4.0
3,4.0
3,4.0
3,4.0
3,4.0
3,4.0
3,4.0
3,4.0
3,4.0
3,4.0
3,4.0
3,4.0
3,4.0
3,4.0
3,4.0
3,4.0
3,4.0
3,4.0
3,4.0
3,4.0
3,4.0
3,4.0
3,4.0
3,4.0
3,4.0
3,4.0
3,4.0
3,4.0
17,4.0
3,4.0
3,4.0
3,4.0
3,4.0
3,4.0
3,4.0
3,4.0
3,4.0
3,4.0
3,4.0
3,4.0
3,4.0
3,4.0
3,4.0
3,4.0
3,4.0
3,4.0
3,4.0
3,4.0
3,4.0
11,4.0
3,4.0
3,4.0
3,4.0
13,4.0
3,4.0
3,4.0
3,4.0
3,4.0
3,4.0
3,4.0
11,4.0
3,4.0
3,4.0
5,4.0
5,4.0
3,4.0
3,4.0
3,4.0
3,4.0
3,4.0
3,4.0
21,4.0
3,4.0
3,4.0
3,4.0
3,4.0
3,4.0
3,4.0
3,4.0
5,4.0
3,4.0
3,4.0
3,4.0
3,4.0
3,4.0
3,4.0
3,4.0
3,4.0
3,4.0
7,4.0
3,4.0
3,4.0
3,4.0
3,4.0
3,4.0
3,4.0
3,4.0
3,4.0
3,4.0
3,4.0
3,4.0
3,4.0
13,4.0
3,4.0
3,4.0
3,4.0
3,4.0
3,4.0
3,4.0
3,4.0
3,4.0
3,4.0
3,4.0
3,4.0
3,4.0
3,4.0
3,4.0
3,4.0
3,4.0
3,4.0
3,4.0
3,4.0
3,4.0
3,4.0
3,4.0
3,4.0
3,4.0
3,4.0
3,4.0
3,4.0
3,4.0
3,4.0
3,4.0
3,4.0
3,4.0
3,4.0
3,4.0
3,4.0
3,4.0
3,4.0
3,4.0
3,4.0
3,4.0
13,4.0
3,4.0
11,4.0
3,4.0
3,4.0
3,4.0
3,4.0
3,4.0
3,4.0
3,4.0
3,4.0
3,4.0
5,4.0
3,4.0
17,4.0
3,4.0
3,4.0
3,4.0
3,4.0
3,4.0
3,4.0
3,4.0
3,4.0
3,4.0
3,4.0
3,4.0
3,4.0
3,4.0
3,4.0
3,4.0
3,4.0
3,4.0
3,4.0
3,4.0
3,4.0
3,4.0
3,4.0
3,4.0
3,4.0
3,4.0
3,4.0
3,4.0
3,4.0
3,4.0
13,4.0
3,4.0
3,4.0
3,4.0
3,4.0
3,4.0
3,4.0
3,4.0
3,4.0
3,4.0
3,4.0
3,4.0
3,4.0
3,4.0
3,4.0
3,4.0
3,4.0
3,4.0
3,4.0
3,4.0
3,4.0
7,4.0
3,4.0
3,4.0
3,4.0
5,4.0
3,4.0
3,4.0
3,4.0
3,4.0
3,4.0
3,4.0
3,4.0
3,4.0
3,4.0
3,4.0
3,4.0
3,4.0
3,4.0
3,4.0
3,4.0
3,4.0
3,4.0
3,4.0
3,4.0
3,4.0
3,4.0
3,4.0
13,4.0
3,4.0
3,4.0
3,4.0
3,4.0
3,4.0
3,4.0
3,4.0
3,4.0
19,4.0
3,4.0
3,4.0
3,4.0
3,4.0
3,4.0
3,4.0
7,4.0
3,4.0
3,4.0
3,4.0
3,4.0
3,4.0
3,4.0
3,4.0
3,4.0
3,4.0
15,4.0
3,4.0
3,4.0
11,4.0
3,4.0
3,4.0
5,4.0
3,4.0
3,4.0
3,4.0
3,4.0
3,4.0
3,4.0
3,4.0
3,4.0
3,4.0
3,4.0
7,4.0
3,4.0
3,4.0
3,4.0
3,4.0
7,4.0
9,4.0
3,4.0
3,4.0
3,4.0
3,4.0
3,4.0
3,4.0
3,4.0
3,4.0
3,4.0
5,4.0
3,4.0
3,4.0
3,4.0
3,4.0
3,4.0
3,4.0
3,4.0
3,4.0
19,4.0
3,4.0
3,4.0
3,4.0
3,4.0
3,4.0
11,4.0
3,4.0
3,4.0
3,4.0
3,4.0
3,4.0
3,4.0
3,4.0
3,4.0
3,4.0
3,4.0
3,4.0
3,4.0
3,4.0
3,4.0
3,4.0
3,4.0
3,4.0
3,4.0
3,4.0
3,4.0
3,4.0
3,4.0
3,4.0
3,4.0
3,4.0
3,4.0
3,4.0
3,4.0
3,4.0
3,4.0
3,4.0
3,4.0
3,4.0
3,4.0
3,4.0
3,4.0
3,4.0
3,4.0
3,4.0
3,4.0
3,4.0
3,4.0
3,4.0
3,4.0
3,4.0
3,4.0
3,4.0
3,4.0
3,4.0
3,4.0
3,4.0
3,4.0
3,4.0
3,4.0
3,4.0
5,4.0
3,4.0
3,4.0
3,4.0
3,4.0
3,4.0
3,4.0
3,4.0
3,4.0
3,4.0
3,4.0
13,4.0
3,4.0
3,4.0
3,4.0
3,4.0
3,4.0
3,4.0
3,4.0
3,4.0
3,4.0
3,4.0
3,4.0
3,4.0
3,4.0
3,4.0
3,4.0
3,4.0
3,4.0
13,4.0
3,4.0
3,4.0
3,4.0
5,4.0
3,4.0
3,4.0
3,4.0
3,4.0
3,4.0
3,4.0
11,4.0
7,4.0
3,4.0
3,4.0
3,4.0
3,4.0
19,4.0
3,4.0
3,4.0
3,4.0
3,4.0
3,4.0
3,4.0
3,4.0
3,4.0
3,4.0
3,4.0
3,4.0
3,4.0
3,4.0
3,4.0
3,4.0
3,4.0
3,4.0
3,4.0
3,4.0
3,4.0
3,4.0
3,4.0
3,4.0
3,4.0
3,4.0
3,4.0
3,4.0
3,4.0
3,4.0
3,4.0
3,4.0
3,4.0
3,4.0
3,4.0
3,4.0
3,4.0
3,4.0
3,4.0
3,4.0
3,4.0
3,4.0
3,4.0
3,4.0
3,4.0
3,4.0
3,4.0
3,4.0
3,4.0
3,4.0
3,4.0
3,4.0
3,4.0
3,4.0
3,4.0
3,4.0
3,4.0
3,4.0
3,4.0
3,4.0
3,4.0
3,4.0
3,4.0
3,4.0
3,4.0
3,4.0
3,4.0
3,4.0
3,4.0
3,4.0
3,4.0
3,4.0
3,4.0
3,4.0
3,4.0
3,4.0
19,4.0
3,4.0
3,4.0
3,4.0
3,4.0
11,4.0
3,4.0
3,4.0
3,4.0
3,4.0
3,4.0
3,4.0
3,4.0
3,4.0
3,4.0
3,4.0
3,4.0
3,4.0
3,4.0
3,4.0
3,4.0
5,4.0
3,4.0
3,4.0
3,4.0
3,4.0
3,4.0
3,4.0
3,4.0
3,4.0
3,4.0
3,4.0
3,4.0
3,4.0
3,4.0
3,4.0
3,4.0
3,4.0
3,4.0
3,4.0
3,4.0
3,4.0
25,4.0
3,4.0
3,4.0
3,4.0
3,4.0
3,4.0
15,4.0
3,4.0
3,4.0
3,4.0
3,4.0
3,4.0
3,4.0
3,4.0
3,4.0
3,4.0
3,4.0
3,4.0
3,4.0
3,4.0
3,4.0
3,4.0
3,4.0
3,4.0
3,4.0
3,4.0
3,4.0
3,4.0
3,4.0
3,4.0
3,4.0
3,4.0
3,4.0
3,4.0
3,4.0
3,4.0
3,4.0
3,4.0
11,4.0
3,4.0
3,4.0
3,4.0
3,4.0
3,4.0
3,4.0
3,4.0
3,4.0
5,4.0
3,4.0
11,4.0
3,4.0
3,4.0
3,4.0
3,4.0
3,4.0
3,4.0
3,4.0
3,4.0
3,4.0
7,4.0
3,4.0
3,4.0
3,4.0
3,4.0
3,4.0
3,4.0
3,4.0
3,4.0
3,4.0
3,4.0
3,4.0
3,4.0
3,4.0
3,4.0
3,4.0
3,4.0
3,4.0
3,4.0
3,4.0
3,4.0
3,4.0
3,4.0
3,4.0
3,4.0
3,4.0
3,4.0
3,4.0
3,4.0
3,4.0
3,4.0
21,4.0
3,4.0
7,4.0
3,4.0
3,4.0
3,4.0
3,4.0
13,4.0
3,4.0
3,4.0
3,4.0
3,4.0
3,4.0
3,4.0
3,4.0
3,4.0
3,4.0
3,4.0
3,4.0
3,4.0
15,4.0
3,4.0
3,4.0
3,4.0
3,4.0
7,4.0
3,4.0
3,4.0
3,4.0
3,4.0
3,4.0
3,4.0
15,4.0
3,4.0
3,4.0
3,4.0
3,4.0
3,4.0
3,4.0
3,4.0
3,4.0
3,4.0
3,4.0
3,4.0
3,4.0
3,4.0
3,4.0
3,4.0
3,4.0
5,4.0
3,4.0
3,4.0
3,4.0
3,4.0
3,4.0
3,4.0
3,4.0
3,4.0
3,4.0
3,4.0
3,4.0
13,4.0
3,4.0
3,4.0
3,4.0
3,4.0
3,4.0
11,4.0
17,4.0
3,4.0
3,4.0
3,4.0
13,4.0
3,4.0
3,4.0
3,4.0
3,4.0
3,4.0
3,4.0
3,4.0
3,4.0
3,4.0
3,4.0
3,4.0
3,4.0
3,4.0
3,4.0
3,4.0
3,4.0
3,4.0
3,4.0
7,4.0
13,4.0
3,4.0
11,4.0
3,4.0
3,4.0
3,4.0
3,4.0
3,4.0
3,4.0
3,4.0
3,4.0
3,4.0
3,4.0
3,4.0
3,4.0
3,4.0
3,4.0
3,4.0
3,4.0
3,4.0
3,4.0
3,4.0
3,4.0
3,4.0
3,4.0
3,4.0
3,4.0
3,4.0
3,4.0
3,4.0
3,4.0
5,4.0
3,4.0
3,4.0
3,4.0
3,4.0
3,4.0
3,4.0
3,4.0
3,4.0
3,4.0
3,4.0
3,4.0
3,4.0
3,4.0
3,4.0
3,4.0
3,4.0
3,4.0
3,4.0
3,4.0
3,4.0
3,4.0
3,4.0
3,4.0
3,4.0
3,4.0
3,4.0
11,4.0
3,4.0
3,4.0
3,4.0
3,4.0
3,4.0
3,4.0
3,4.0
3,4.0
9,4.0
3,4.0
3,4.0
3,4.0
3,4.0
3,4.0
3,4.0
7,4.0
3,4.0
3,4.0
3,4.0
3,4.0
15,4.0
3,4.0
3,4.0
3,4.0
3,4.0
3,4.0
3,4.0
3,4.0
3,4.0
3,4.0
3,4.0
3,4.0
3,4.0
3,4.0
3,4.0
3,4.0
3,4.0
3,4.0
3,4.0
3,4.0
3,4.0
3,4.0
3,4.0
3,4.0
3,4.0
3,4.0
3,4.0
15,4.0
3,4.0
3,4.0
3,4.0
3,4.0
3,4.0
3,4.0
3,4.0
3,4.0
3,4.0
3,4.0
3,4.0
3,4.0
15,4.0
5,4.0
3,4.0
3,4.0
3,4.0
3,4.0
3,4.0
3,4.0
3,4.0
3,4.0
3,4.0
3,4.0
3,4.0
3,4.0
3,4.0
3,4.0
3,4.0
3,4.0
3,4.0
3,4.0
3,4.0
3,4.0
3,4.0
3,4.0
3,4.0
5,4.0
3,4.0
3,4.0
3,4.0
3,4.0
13,4.0
3,4.0
3,4.0
3,4.0
3,4.0
3,4.0
3,4.0
3,4.0
3,4.0
3,4.0
3,4.0
3,4.0
3,4.0
3,4.0
3,4.0
3,4.0
3,4.0
3,4.0
3,4.0
3,4.0
3,4.0
3,4.0
3,4.0
3,4.0
3,4.0
3,4.0
3,4.0
3,4.0
3,4.0
3,4.0
3,4.0
3,4.0
3,4.0
3,4.0
3,4.0
3,4.0
3,4.0
3,4.0
13,4.0
3,4.0
3,4.0
5,4.0
3,4.0
3,4.0
3,4.0
3,4.0
3,4.0
3,4.0
3,4.0
3,4.0
5,4.0
3,4.0
3,4.0
3,4.0
3,4.0
3,4.0
19,4.0
3,4.0
3,4.0
3,4.0
3,4.0
3,4.0
3,4.0
3,4.0
9,4.0
7,4.0
3,4.0
3,4.0
3,4.0
3,4.0
3,4.0
13,4.0
3,4.0
3,4.0
3,4.0
3,4.0
3,4.0
3,4.0
3,4.0
3,4.0
3,4.0
3,4.0
5,4.0
3,4.0
3,4.0
3,4.0
3,4.0
3,4.0
3,4.0
3,4.0
3,4.0
3,4.0
3,4.0
3,4.0
3,4.0
3,4.0
3,4.0
7,4.0
3,4.0
3,4.0
3,4.0
3,4.0
3,4.0
3,4.0
3,4.0
3,4.0
3,4.0
3,4.0
3,4.0
3,4.0
3,4.0
3,4.0
3,4.0
3,4.0
3,4.0
3,4.0
3,4.0
3,4.0
3,4.0
3,4.0
3,4.0
3,4.0
3,4.0
3,4.0
3,4.0
3,4.0
3,4.0
17,4.0
3,4.0
3,4.0
3,4.0
3,4.0
3,4.0
3,4.0
3,4.0
3,4.0
3,4.0
3,4.0
3,4.0
3,4.0
3,4.0
3,4.0
3,4.0
3,4.0
3,4.0
3,4.0
13,4.0
3,4.0
3,4.0
3,4.0
3,4.0
3,4.0
3,4.0
3,4.0
3,4.0
3,4.0
3,4.0
3,4.0
3,4.0
3,4.0
3,4.0
3,4.0
3,4.0
3,4.0
3,4.0
3,4.0
3,4.0
3,4.0
3,4.0
3,4.0
3,4.0
3,4.0
3,4.0
3,4.0
3,4.0
3,4.0
3,4.0
3,4.0
3,4.0
3,4.0
3,4.0
3,4.0
3,4.0
3,4.0
3,4.0
3,4.0
3,4.0
3,4.0
3,4.0
3,4.0
3,4.0
3,4.0
3,4.0
3,4.0
3,4.0
3,4.0
3,4.0
3,4.0
3,4.0
3,4.0
3,4.0
3,4.0
3,4.0
3,4.0
3,4.0
3,4.0
3,4.0
3,4.0
3,4.0
3,4.0
3,4.0
3,4.0
3,4.0
3,4.0
3,4.0
3,4.0
15,4.0
3,4.0
3,4.0
3,4.0
3,4.0
3,4.0
3,4.0
3,4.0
3,4.0
3,4.0
3,4.0
3,4.0
3,4.0
3,4.0
3,4.0
3,4.0
3,4.0
3,4.0
3,4.0
3,4.0
3,4.0
3,4.0
3,4.0
3,4.0
3,4.0
3,4.0
3,4.0
7,4.0
3,4.0
3,4.0
3,4.0
3,4.0
3,4.0
3,4.0
3,4.0
3,4.0
3,4.0
3,4.0
3,4.0
15,4.0
3,4.0
3,4.0
11,4.0
3,4.0
15,4.0
3,4.0
3,4.0
3,4.0
3,4.0
3,4.0
5,4.0
3,4.0
3,4.0
3,4.0
3,4.0
3,4.0
3,4.0
3,4.0
3,4.0
7,4.0
3,4.0
3,4.0
3,4.0
3,4.0
3,4.0
3,4.0
13,4.0
3,4.0
3,4.0
3,4.0
3,4.0
3,4.0
3,4.0
3,4.0
3,4.0
3,4.0
3,4.0
3,4.0
11,4.0
3,4.0
3,4.0
3,4.0
3,4.0
3,4.0
3,4.0
3,4.0
3,4.0
3,4.0
3,4.0
3,4.0
3,4.0
3,4.0
3,4.0
3,4.0
3,4.0
3,4.0
3,4.0
3,4.0
3,4.0
3,4.0
3,4.0
3,4.0
3,4.0
3,4.0
3,4.0
3,4.0
3,4.0
3,4.0
3,4.0
3,4.0
3,4.0
3,4.0
3,4.0
3,4.0
3,4.0
3,4.0
3,4.0
3,4.0
3,4.0
23,4.0
3,4.0
3,4.0
3,4.0
3,4.0
3,4.0
3,4.0
3,4.0
3,4.0
3,4.0
3,4.0
3,4.0
3,4.0
3,4.0
3,4.0
3,4.0
3,4.0
3,4.0
3,4.0
5,4.0
3,4.0
3,4.0
3,4.0
3,4.0
3,4.0
3,4.0
3,4.0
3,4.0
15,4.0
5,4.0
3,4.0
3,4.0
3,4.0
3,4.0
3,4.0
3,4.0
3,4.0
3,4.0
9,4.0
3,4.0
3,4.0
3,4.0
3,4.0
3,4.0
3,4.0
3,4.0
3,4.0
3,4.0
3,4.0
3,4.0
3,4.0
3,4.0
3,4.0
3,4.0
3,4.0
3,4.0
3,4.0
3,4.0
3,4.0
3,4.0
3,4.0
13,4.0
3,4.0
5,4.0
3,4.0
3,4.0
3,4.0
3,4.0
3,4.0
3,4.0
3,4.0
3,4.0
3,4.0
3,4.0
3,4.0
3,4.0
3,4.0
3,4.0
3,4.0
3,4.0
3,4.0
3,4.0
3,4.0
15,4.0
3,4.0
13,4.0
15,4.0
3,4.0
3,4.0
3,4.0
3,4.0
3,4.0
3,4.0
3,4.0
3,4.0
3,4.0
3,4.0
3,4.0
3,4.0
3,4.0
11,4.0
3,4.0
3,4.0
3,4.0
3,4.0
3,4.0
3,4.0
3,4.0
3,4.0
3,4.0
3,4.0
3,4.0
3,4.0
3,4.0
19,4.0
3,4.0
3,4.0
3,4.0
3,4.0
3,4.0
3,4.0
3,4.0
3,4.0
3,4.0
3,4.0
3,4.0
3,4.0
3,4.0
3,4.0
3,4.0
3,4.0
13,4.0
3,4.0
3,4.0
5,4.0
3,4.0
3,4.0
3,4.0
3,4.0
3,4.0
3,4.0
3,4.0
3,4.0
3,4.0
3,4.0
3,4.0
3,4.0
3,4.0
3,4.0
3,4.0
3,4.0
3,4.0
3,4.0
3,4.0
3,4.0
3,4.0
3,4.0
3,4.0
3,4.0
3,4.0
3,4.0
3,4.0
3,4.0
3,4.0
3,4.0
3,4.0
3,4.0
3,4.0
3,4.0
3,4.0
3,4.0
13,4.0
3,4.0
3,4.0
3,4.0
3,4.0
3,4.0
3,4.0
3,4.0
3,4.0
3,4.0
3,4.0
3,4.0
3,4.0
3,4.0
3,4.0
3,4.0
3,4.0
3,4.0
3,4.0
3,4.0
3,4.0
3,4.0
3,4.0
3,4.0
3,4.0
3,4.0
3,4.0
3,4.0
3,4.0
3,4.0
3,4.0
3,4.0
3,4.0
3,4.0
3,4.0
3,4.0
3,4.0
3,4.0
3,4.0
23,4.0
3,4.0
11,4.0
3,4.0
3,4.0
3,4.0
3,4.0
13,4.0
3,4.0
3,4.0
3,4.0
3,4.0
3,4.0
3,4.0
3,4.0
3,4.0
3,4.0
3,4.0
3,4.0
3,4.0
3,4.0
3,4.0
3,4.0
3,4.0
3,4.0
3,4.0
9,4.0
5,4.0
3,4.0
3,4.0
3,4.0
3,4.0
5,4.0
3,4.0
3,4.0
3,4.0
3,4.0
3,4.0
23,4.0
3,4.0
3,4.0
3,4.0
3,4.0
3,4.0
3,4.0
3,4.0
3,4.0
3,4.0
3,4.0
3,4.0
3,4.0
3,4.0
3,4.0
3,4.0
13,4.0
11,4.0
3,4.0
3,4.0
3,4.0
3,4.0
3,4.0
3,4.0
3,4.0
3,4.0
3,4.0
3,4.0
3,4.0
19,4.0
3,4.0
3,4.0
3,4.0
3,4.0
3,4.0
3,4.0
3,4.0
3,4.0
3,4.0
3,4.0
3,4.0
3,4.0
3,4.0
5,4.0
3,4.0
3,4.0
7,4.0
3,4.0
3,4.0
3,4.0
3,4.0
3,4.0
3,4.0
3,4.0
3,4.0
3,4.0
3,4.0
3,4.0
3,4.0
3,4.0
3,4.0
3,4.0
3,4.0
3,4.0
19,4.0
3,4.0
3,4.0
3,4.0
11,4.0
3,4.0
3,4.0
5,4.0
3,4.0
3,4.0
3,4.0
5,4.0
3,4.0
3,4.0
3,4.0
3,4.0
3,4.0
3,4.0
3,4.0
3,4.0
3,4.0
3,4.0
3,4.0
3,4.0
3,4.0
3,4.0
3,4.0
3,4.0
3,4.0
3,4.0
15,4.0
3,4.0
3,4.0
3,4.0
3,4.0
3,4.0
3,4.0
3,4.0
3,4.0
3,4.0
3,4.0
3,4.0
3,4.0
5,4.0
3,4.0
3,4.0
7,4.0
3,4.0
3,4.0
3,4.0
7,4.0
3,4.0
3,4.0
5,4.0
3,4.0
3,4.0
3,4.0
15,4.0
3,4.0
3,4.0
3,4.0
3,4.0
3,4.0
3,4.0
11,4.0
3,4.0
3,4.0
3,4.0
3,4.0
3,4.0
3,4.0
3,4.0
3,4.0
3,4.0
7,4.0
3,4.0
3,4.0
3,4.0
3,4.0
3,4.0
3,4.0
3,4.0
3,4.0
7,4.0
3,4.0
3,4.0
3,4.0
3,4.0
3,4.0
3,4.0
3,4.0
3,4.0
3,4.0
3,4.0
3,4.0
3,4.0
3,4.0
3,4.0
3,4.0
3,4.0
3,4.0
3,4.0
3,4.0
3,4.0
3,4.0
3,4.0
15,4.0
5,4.0
3,4.0
15,4.0
3,4.0
3,4.0
3,4.0
3,4.0
5,4.0
5,4.0
3,4.0
15,4.0
3,4.0
3,4.0
5,4.0
3,4.0
3,4.0
3,4.0
3,4.0
3,4.0
3,4.0
3,4.0
3,4.0
3,4.0
3,4.0
3,4.0
3,4.0
3,4.0
3,4.0
3,4.0
3,4.0
5,4.0
3,4.0
3,4.0
19,4.0
3,4.0
5,4.0
5,4.0
5,4.0
9,4.0
11,4.0
9,4.0
9,4.0
9,4.0
15,4.0
9,4.0
27,4.0
17,4.0
9,4.0
11,4.0
25,4.0
11,4.0
9,4.0
15,4.0
9,4.0
19,4.0
13,4.0
15,4.0
19,4.0
13,4.0
9,4.0
15,4.0
11,4.0
21,4.0
15,4.0
13,4.0
7,4.0
15,4.0
21,4.0
17,4.0
11,4.0
9,4.0
15,4.0
5,4.0
3,4.0
7,4.0
9,4.0
9,4.0
17,4.0
11,4.0
19,4.0
15,4.0
7,4.0
9,4.0
11,4.0
9,4.0
19,4.0
9,4.0
11,4.0
9,4.0
15,4.0
17,4.0
9,4.0
11,4.0
9,4.0
13,4.0
7,4.0
19,4.0
13,4.0
17,4.0
15,4.0
9,4.0
9,4.0
11,4.0
9,4.0
19,4.0
15,4.0
13,4.0
17,4.0
17,4.0
11,4.0
9,4.0
19,4.0
19,4.0
11,4.0
7,4.0
7,4.0
9,4.0
17,4.0
21,4.0
9,4.0
17,4.0
9,4.0
13,4.0
9,4.0
11,4.0
9,4.0
15,4.0
17,4.0
5,4.0
15,4.0
9,4.0
17,4.0
19,4.0
7,4.0
7,4.0
5,4.0
5,4.0
11,4.0
9,4.0
9,4.0
15,4.0
15,4.0
13,4.0
11,4.0
9,4.0
11,4.0
9,4.0
13,4.0
17,4.0
9,4.0
15,4.0
9,4.0
17,4.0
11,4.0
9,4.0
9,4.0
15,4.0
9,4.0
17,4.0
13,4.0
25,4.0
15,4.0
17,4.0
17,4.0
15,4.0
13,4.0
9,4.0
7,4.0
7,4.0
19,4.0
19,4.0
17,4.0
9,4.0
11,4.0
9,4.0
17,4.0
19,4.0
9,4.0
11,4.0
15,4.0
13,4.0
5,4.0
5,4.0
9,4.0
9,4.0
9,4.0
11,4.0
25,4.0
13,4.0
11,4.0
9,4.0
15,4.0
9,4.0
13,4.0
23,4.0
9,4.0
17,4.0
9,4.0
17,4.0
9,4.0
3,4.0
5,4.0
17,4.0
5,4.0
5,4.0
9,4.0
13,4.0
11,4.0
19,4.0
9,4.0
15,4.0
11,4.0
17,4.0
9,4.0
15,4.0
13,4.0
9,4.0
9,4.0
15,4.0
13,4.0
9,4.0
9,4.0
15,4.0
9,4.0
15,4.0
13,4.0
15,4.0
9,4.0
15,4.0
17,4.0
19,4.0
19,4.0
19,4.0
13,4.0
25,4.0
11,4.0
21,4.0
13,4.0
13,4.0
17,4.0
5,4.0
9,4.0
27,4.0
17,4.0
13,4.0
19,4.0
15,4.0
23,4.0
23,4.0
21,4.0
17,4.0
17,4.0
15,4.0
17,4.0
21,4.0
15,4.0
9,4.0
17,4.0
9,4.0
23,4.0
9,4.0
9,4.0
9,4.0
25,4.0
9,4.0
9,4.0
9,4.0
7,4.0
7,4.0
11,4.0
9,4.0
15,4.0
9,4.0
7,4.0
7,4.0
7,4.0
5,4.0
13,4.0
7,4.0
9,4.0
21,4.0
15,4.0
9,4.0
13,4.0
9,4.0
13,4.0
25,4.0
15,4.0
9,4.0
17,4.0
9,4.0
7,4.0
7,4.0
7,4.0
9,4.0
9,4.0
9,4.0
15,4.0
9,4.0
13,4.0
15,4.0
9,4.0
17,4.0
17,4.0
7,4.0
7,4.0
9,4.0
9,4.0
7,4.0
17,4.0
11,4.0
11,4.0
9,4.0
17,4.0
5,4.0
5,4.0
9,4.0
9,4.0
9,4.0
11,4.0
15,4.0
9,4.0
17,4.0
9,4.0
11,4.0
15,4.0
9,4.0
19,4.0
9,4.0
9,4.0
17,4.0
9,4.0
15,4.0
5,4.0
5,4.0
15,4.0
9,4.0
9,4.0
9,4.0
11,4.0
13,4.0
5,4.0
5,4.0
9,4.0
9,4.0
5,4.0
5,4.0
9,4.0
9,4.0
19,4.0
15,4.0
9,4.0
13,4.0
17,4.0
11,4.0
9,4.0
19,4.0
9,4.0
13,4.0
9,4.0
15,4.0
11,4.0
19,4.0
7,4.0
17,4.0
15,4.0
15,4.0
17,4.0
11,4.0
9,4.0
9,4.0
9,4.0
15,4.0
9,4.0
17,4.0
9,4.0
17,4.0
19,4.0
33,4.0
11,4.0
17,4.0
9,4.0
11,4.0
11,4.0
27,4.0
17,4.0
9,4.0
9,4.0
5,4.0
5,4.0
7,4.0
7,4.0
11,4.0
9,4.0
15,4.0
11,4.0
19,4.0
9,4.0
11,4.0
3,4.0
5,4.0
19,4.0
9,4.0
5,4.0
5,4.0
9,4.0
9,4.0
15,4.0
13,4.0
23,4.0
25,4.0
9,4.0
13,4.0
9,4.0
15,4.0
13,4.0
15,4.0
9,4.0
15,4.0
9,4.0
15,4.0
17,4.0
17,4.0
11,4.0
17,4.0
9,4.0
17,4.0
9,4.0
9,4.0
7,4.0
7,4.0
17,4.0
5,4.0
5,4.0
9,4.0
9,4.0
9,4.0
9,4.0
5,4.0
5,4.0
9,4.0
9,4.0
13,4.0
9,4.0
15,4.0
21,4.0
17,4.0
9,4.0
13,4.0
25,4.0
13,4.0
9,4.0
15,4.0
9,4.0
9,4.0
27,4.0
11,4.0
9,4.0
9,4.0
9,4.0
15,4.0
9,4.0
13,4.0
15,4.0
17,4.0
9,4.0
17,4.0
9,4.0
9,4.0
3,4.0
5,4.0
11,4.0
17,4.0
11,4.0
5,4.0
5,4.0
17,4.0
9,4.0
11,4.0
5,4.0
3,4.0
3,4.0
5,4.0
11,4.0
25,4.0
9,4.0
11,4.0
9,4.0
17,4.0
13,4.0
17,4.0
19,4.0
13,4.0
25,4.0
11,4.0
9,4.0
13,4.0
5,4.0
11,4.0
9,4.0
9,4.0
9,4.0
3,4.0
5,4.0
11,4.0
15,4.0
13,4.0
9,4.0
15,4.0
9,4.0
17,4.0
9,4.0
11,4.0
17,4.0
15,4.0
9,4.0
11,4.0
9,4.0
17,4.0
7,4.0
7,4.0
13,4.0
9,4.0
15,4.0
17,4.0
19,4.0
5,4.0
5,4.0
11,4.0
27,4.0
17,4.0
17,4.0
15,4.0
7,4.0
7,4.0
9,4.0
15,4.0
5,4.0
13,4.0
9,4.0
31,4.0
9,4.0
17,4.0
15,4.0
9,4.0
11,4.0
7,4.0
7,4.0
17,4.0
9,4.0
13,4.0
9,4.0
15,4.0
7,4.0
19,4.0
11,4.0
15,4.0
9,5.0
13,5.0
5,5.0
11,5.0
9,5.0
9,5.0
13,5.0
9,5.0
9,5.0
11,5.0
17,5.0
9,5.0
11,5.0
3,5.0
5,5.0
15,5.0
9,5.0
17,5.0
9,5.0
11,5.0
17,5.0
19,5.0
9,5.0
9,5.0
9,5.0
15,5.0
9,5.0
13,5.0
11,5.0
17,5.0
29,5.0
9,5.0
11,5.0
11,5.0
9,5.0
15,5.0
9,5.0
15,5.0
17,5.0
11,5.0
9,5.0
15,5.0
7,5.0
11,5.0
15,5.0
9,5.0
9,5.0
19,5.0
9,5.0
13,5.0
15,5.0
15,5.0
25,5.0
21,5.0
9,5.0
15,5.0
11,5.0
11,5.0
23,5.0
13,5.0
7,5.0
7,5.0
15,5.0
9,5.0
17,5.0
11,5.0
9,5.0
17,5.0
13,5.0
13,5.0
15,5.0
9,5.0
5,5.0
5,5.0
23,5.0
13,5.0
9,5.0
15,5.0
17,5.0
13,5.0
9,5.0
17,5.0
7,5.0
13,5.0
25,5.0
11,5.0
17,5.0
7,5.0
13,5.0
17,5.0
9,5.0
15,5.0
9,5.0
5,5.0
5,5.0
11,5.0
9,5.0
9,5.0
5,5.0
5,5.0
9,5.0
9,5.0
9,5.0
9,5.0
15,5.0
19,5.0
9,5.0
9,5.0
15,5.0
9,5.0
17,5.0
17,5.0
9,5.0
9,5.0
15,5.0
9,5.0
15,5.0
9,5.0
15,5.0
11,5.0
17,5.0
11,5.0
9,5.0
5,5.0
5,5.0
9,5.0
17,5.0
9,5.0
15,5.0
9,5.0
9,5.0
9,5.0
5,5.0
5,5.0
9,5.0
9,5.0
7,5.0
7,5.0
11,5.0
9,5.0
17,5.0
9,5.0
9,5.0
19,5.0
9,5.0
17,5.0
11,5.0
23,5.0
13,5.0
5,5.0
13,5.0
9,5.0
7,5.0
7,5.0
15,5.0
9,5.0
25,5.0
9,5.0
17,5.0
11,5.0
3,5.0
5,5.0
13,5.0
23,5.0
17,5.0
17,5.0
21,5.0
15,5.0
5,5.0
5,5.0
17,5.0
15,5.0
17,5.0
19,5.0
19,5.0
19,5.0
5,5.0
5,5.0
5,5.0
5,5.0
11,5.0
13,5.0
25,5.0
21,5.0
19,5.0
17,5.0
11,5.0
3,5.0
5,5.0
3,5.0
17,5.0
3,5.0
5,5.0
3,5.0
5,5.0
3,5.0
5,5.0
3,5.0
5,5.0
3,5.0
5,5.0
3,5.0
33,5.0
3,5.0
15,5.0
3,5.0
5,5.0
3,5.0
5,5.0
3,5.0
5,5.0
3,5.0
5,5.0
3,5.0
5,5.0
11,5.0
5,5.0
3,5.0
5,5.0
3,5.0
5,5.0
3,5.0
5,5.0
3,5.0
5,5.0
3,5.0
5,5.0
3,5.0
7,5.0
3,5.0
5,5.0
51,5.0
11,5.0
3,5.0
5,5.0
3,5.0
9,5.0
3,5.0
5,5.0
3,5.0
9,5.0
3,5.0
21,5.0
3,5.0
13,5.0
5,5.0
3,5.0
3,5.0
3,5.0
3,5.0
3,5.0
3,5.0
3,5.0
3,5.0
3,5.0
3,5.0
3,5.0
17,5.0
3,5.0
3,5.0
3,5.0
5,5.0
9,5.0
3,5.0
3,5.0
3,5.0
3,5.0
3,5.0
3,5.0
3,5.0
3,5.0
15,5.0
3,5.0
3,5.0
3,5.0
3,5.0
3,5.0
3,5.0
3,5.0
3,5.0
5,5.0
3,5.0
3,5.0
3,5.0
3,5.0
7,5.0
3,5.0
3,5.0
3,5.0
3,5.0
3,5.0
3,5.0
3,5.0
3,5.0
3,5.0
3,5.0
3,5.0
3,5.0
3,5.0
19,5.0
3,5.0
3,5.0
3,5.0
3,5.0
3,5.0
3,5.0
3,5.0
3,5.0
3,5.0
3,5.0
7,5.0
3,5.0
3,5.0
3,5.0
3,5.0
3,5.0
3,5.0
3,5.0
3,5.0
3,5.0
3,5.0
7,5.0
3,5.0
3,5.0
3,5.0
3,5.0
7,5.0
13,5.0
13,5.0
3,5.0
3,5.0
3,5.0
7,5.0
9,5.0
3,5.0
3,5.0
3,5.0
3,5.0
3,5.0
3,5.0
3,5.0
3,5.0
3,5.0
3,5.0
3,5.0
3,5.0
3,5.0
3,5.0
3,5.0
3,5.0
3,5.0
3,5.0
3,5.0
3,5.0
3,5.0
5,5.0
3,5.0
9,5.0
9,5.0
3,5.0
3,5.0
13,5.0
3,5.0
9,5.0
3,5.0
3,5.0
7,5.0
3,5.0
3,5.0
3,5.0
3,5.0
7,5.0
3,5.0
21,5.0
3,5.0
3,5.0
3,5.0
3,5.0
3,5.0
3,5.0
3,5.0
3,5.0
3,5.0
3,5.0
3,5.0
3,5.0
3,5.0
3,5.0
3,5.0
3,5.0
3,5.0
3,5.0
3,5.0
3,5.0
3,5.0
11,5.0
3,5.0
3,5.0
3,5.0
3,5.0
3,5.0
3,5.0
3,5.0
3,5.0
3,5.0
3,5.0
7,5.0
3,5.0
5,5.0
3,5.0
3,5.0
3,5.0
3,5.0
3,5.0
3,5.0
3,5.0
3,5.0
3,5.0
3,5.0
9,5.0
3,5.0
3,5.0
3,5.0
3,5.0
5,5.0
3,5.0
3,5.0
3,5.0
3,5.0
3,5.0
3,5.0
3,5.0
3,5.0
3,5.0
3,5.0
3,5.0
3,5.0
3,5.0
3,5.0
3,5.0
3,5.0
3,5.0
3,5.0
3,5.0
3,5.0
3,5.0
3,5.0
3,5.0
3,5.0
3,5.0
3,5.0
3,5.0
3,5.0
3,5.0
3,5.0
3,5.0
3,5.0
3,5.0
3,5.0
3,5.0
3,5.0
3,5.0
3,5.0
3,5.0
3,5.0
3,5.0
3,5.0
9,5.0
3,5.0
3,5.0
5,5.0
3,5.0
3,5.0
3,5.0
3,5.0
3,5.0
3,5.0
3,5.0
15,5.0
3,5.0
3,5.0
3,5.0
3,5.0
3,5.0
3,5.0
3,5.0
3,5.0
3,5.0
3,5.0
3,5.0
3,5.0
7,5.0
3,5.0
3,5.0
3,5.0
3,5.0
3,5.0
3,5.0
9,5.0
3,5.0
3,5.0
3,5.0
3,5.0
3,5.0
3,5.0
3,5.0
3,5.0
3,5.0
3,5.0
3,5.0
3,5.0
3,5.0
3,5.0
3,5.0
3,5.0
3,5.0
3,5.0
3,5.0
3,5.0
3,5.0
3,5.0
3,5.0
3,5.0
3,5.0
3,5.0
3,5.0
3,5.0
3,5.0
3,5.0
3,5.0
3,5.0
3,5.0
3,5.0
3,5.0
3,5.0
3,5.0
3,5.0
3,5.0
3,5.0
3,5.0
3,5.0
3,5.0
3,5.0
3,5.0
3,5.0
3,5.0
3,5.0
9,5.0
3,5.0
3,5.0
3,5.0
3,5.0
3,5.0
3,5.0
3,5.0
3,5.0
3,5.0
3,5.0
3,5.0
3,5.0
3,5.0
3,5.0
3,5.0
3,5.0
3,5.0
3,5.0
3,5.0
3,5.0
3,5.0
3,5.0
3,5.0
3,5.0
3,5.0
3,5.0
3,5.0
5,5.0
3,5.0
3,5.0
3,5.0
3,5.0
3,5.0
3,5.0
3,5.0
3,5.0
3,5.0
3,5.0
9,5.0
3,5.0
3,5.0
7,5.0
3,5.0
3,5.0
3,5.0
3,5.0
3,5.0
3,5.0
3,5.0
3,5.0
3,5.0
3,5.0
3,5.0
3,5.0
3,5.0
3,5.0
3,5.0
3,5.0
3,5.0
3,5.0
3,5.0
3,5.0
3,5.0
3,5.0
3,5.0
3,5.0
3,5.0
3,5.0
3,5.0
3,5.0
3,5.0
3,5.0
3,5.0
3,5.0
3,5.0
3,5.0
3,5.0
3,5.0
9,5.0
3,5.0
3,5.0
3,5.0
7,5.0
13,5.0
3,5.0
3,5.0
3,5.0
3,5.0
3,5.0
17,5.0
3,5.0
3,5.0
3,5.0
3,5.0
3,5.0
17,5.0
3,5.0
17,5.0
3,5.0
3,5.0
3,5.0
3,5.0
3,5.0
3,5.0
3,5.0
3,5.0
3,5.0
3,5.0
3,5.0
3,5.0
3,5.0
3,5.0
3,5.0
3,5.0
3,5.0
3,5.0
13,5.0
3,5.0
3,5.0
3,5.0
3,5.0
3,5.0
3,5.0
3,5.0
3,5.0
3,5.0
3,5.0
3,5.0
3,5.0
3,5.0
3,5.0
3,5.0
3,5.0
3,5.0
5,5.0
3,5.0
3,5.0
3,5.0
3,5.0
3,5.0
3,5.0
3,5.0
3,5.0
3,5.0
3,5.0
3,5.0
3,5.0
3,5.0
3,5.0
3,5.0
3,5.0
3,5.0
3,5.0
13,5.0
3,5.0
3,5.0
3,5.0
3,5.0
3,5.0
3,5.0
3,5.0
3,5.0
3,5.0
3,5.0
3,5.0
3,5.0
3,5.0
3,5.0
3,5.0
3,5.0
3,5.0
3,5.0
3,5.0
13,5.0
3,5.0
3,5.0
3,5.0
3,5.0
3,5.0
3,5.0
3,5.0
3,5.0
17,5.0
3,5.0
3,5.0
3,5.0
3,5.0
3,5.0
3,5.0
3,5.0
3,5.0
3,5.0
3,5.0
13,5.0
3,5.0
3,5.0
3,5.0
3,5.0
3,5.0
3,5.0
3,5.0
3,5.0
3,5.0
3,5.0
3,5.0
3,5.0
3,5.0
13,5.0
3,5.0
3,5.0
3,5.0
3,5.0
3,5.0
3,5.0
5,5.0
3,5.0
3,5.0
3,5.0
3,5.0
3,5.0
3,5.0
3,5.0
3,5.0
3,5.0
19,5.0
3,5.0
3,5.0
3,5.0
3,5.0
3,5.0
3,5.0
3,5.0
3,5.0
3,5.0
3,5.0
3,5.0
3,5.0
3,5.0
3,5.0
3,5.0
3,5.0
3,5.0
3,5.0
3,5.0
3,5.0
3,5.0
3,5.0
3,5.0
3,5.0
3,5.0
3,5.0
3,5.0
3,5.0
3,5.0
3,5.0
3,5.0
3,5.0
3,5.0
3,5.0
3,5.0
3,5.0
13,5.0
3,5.0
3,5.0
3,5.0
3,5.0
3,5.0
3,5.0
3,5.0
3,5.0
3,5.0
3,5.0
3,5.0
3,5.0
3,5.0
3,5.0
3,5.0
3,5.0
3,5.0
13,5.0
3,5.0
3,5.0
3,5.0
3,5.0
3,5.0
3,5.0
3,5.0
3,5.0
3,5.0
3,5.0
3,5.0
3,5.0
3,5.0
3,5.0
3,5.0
3,5.0
3,5.0
3,5.0
3,5.0
3,5.0
3,5.0
3,5.0
3,5.0
3,5.0
3,5.0
3,5.0
3,5.0
3,5.0
3,5.0
31,5.0
13,5.0
3,5.0
3,5.0
3,5.0
3,5.0
3,5.0
3,5.0
3,5.0
3,5.0
3,5.0
3,5.0
13,5.0
3,5.0
3,5.0
3,5.0
3,5.0
3,5.0
3,5.0
3,5.0
3,5.0
3,5.0
3,5.0
3,5.0
3,5.0
3,5.0
3,5.0
3,5.0
3,5.0
3,5.0
3,5.0
7,5.0
3,5.0
3,5.0
15,5.0
3,5.0
3,5.0
11,5.0
5,5.0
3,5.0
3,5.0
3,5.0
3,5.0
3,5.0
3,5.0
3,5.0
3,5.0
3,5.0
3,5.0
3,5.0
11,5.0
3,5.0
3,5.0
3,5.0
3,5.0
3,5.0
3,5.0
3,5.0
3,5.0
3,5.0
3,5.0
3,5.0
3,5.0
3,5.0
3,5.0
3,5.0
3,5.0
3,5.0
3,5.0
3,5.0
23,5.0
3,5.0
13,5.0
3,5.0
3,5.0
3,5.0
5,5.0
3,5.0
3,5.0
3,5.0
3,5.0
3,5.0
3,5.0
11,5.0
3,5.0
3,5.0
13,5.0
3,5.0
3,5.0
3,5.0
3,5.0
3,5.0
3,5.0
3,5.0
3,5.0
3,5.0
3,5.0
3,5.0
3,5.0
3,5.0
3,5.0
3,5.0
3,5.0
11,5.0
3,5.0
3,5.0
3,5.0
3,5.0
3,5.0
3,5.0
3,5.0
3,5.0
3,5.0
3,5.0
3,5.0
5,5.0
3,5.0
3,5.0
3,5.0
3,5.0
3,5.0
3,5.0
3,5.0
3,5.0
3,5.0
3,5.0
3,5.0
3,5.0
3,5.0
3,5.0
3,5.0
3,5.0
3,5.0
3,5.0
3,5.0
3,5.0
3,5.0
3,5.0
3,5.0
3,5.0
3,5.0
3,5.0
3,5.0
3,5.0
3,5.0
3,5.0
3,5.0
3,5.0
3,5.0
3,5.0
3,5.0
3,5.0
3,5.0
3,5.0
7,5.0
3,5.0
3,5.0
3,5.0
3,5.0
3,5.0
3,5.0
3,5.0
3,5.0
3,5.0
3,5.0
3,5.0
3,5.0
3,5.0
3,5.0
3,5.0
3,5.0
3,5.0
3,5.0
3,5.0
3,5.0
3,5.0
3,5.0
3,5.0
3,5.0
3,5.0
3,5.0
3,5.0
3,5.0
3,5.0
13,5.0
3,5.0
3,5.0
3,5.0
3,5.0
3,5.0
3,5.0
3,5.0
3,5.0
3,5.0
3,5.0
15,5.0
3,5.0
3,5.0
3,5.0
3,5.0
3,5.0
3,5.0
3,5.0
3,5.0
3,5.0
3,5.0
3,5.0
3,5.0
3,5.0
7,5.0
3,5.0
3,5.0
3,5.0
3,5.0
3,5.0
3,5.0
3,5.0
3,5.0
3,5.0
3,5.0
3,5.0
3,5.0
3,5.0
3,5.0
3,5.0
3,5.0
3,5.0
3,5.0
3,5.0
3,5.0
3,5.0
3,5.0
3,5.0
3,5.0
3,5.0
3,5.0
3,5.0
3,5.0
3,5.0
3,5.0
3,5.0
3,5.0
3,5.0
3,5.0
3,5.0
3,5.0
3,5.0
3,5.0
17,5.0
3,5.0
3,5.0
3,5.0
3,5.0
3,5.0
3,5.0
3,5.0
3,5.0
3,5.0
3,5.0
3,5.0
11,5.0
3,5.0
3,5.0
5,5.0
3,5.0
3,5.0
3,5.0
3,5.0
3,5.0
3,5.0
3,5.0
3,5.0
3,5.0
3,5.0
3,5.0
3,5.0
3,5.0
3,5.0
3,5.0
3,5.0
3,5.0
3,5.0
3,5.0
3,5.0
3,5.0
3,5.0
3,5.0
3,5.0
3,5.0
3,5.0
3,5.0
3,5.0
3,5.0
3,5.0
5,5.0
3,5.0
3,5.0
3,5.0
3,5.0
3,5.0
7,5.0
3,5.0
3,5.0
3,5.0
3,5.0
3,5.0
3,5.0
3,5.0
3,5.0
3,5.0
3,5.0
3,5.0
3,5.0
3,5.0
3,5.0
3,5.0
3,5.0
3,5.0
3,5.0
3,5.0
3,5.0
3,5.0
3,5.0
3,5.0
3,5.0
3,5.0
3,5.0
3,5.0
3,5.0
3,5.0
3,5.0
3,5.0
3,5.0
3,5.0
3,5.0
3,5.0
3,5.0
3,5.0
3,5.0
3,5.0
21,5.0
3,5.0
3,5.0
3,5.0
3,5.0
3,5.0
3,5.0
3,5.0
3,5.0
3,5.0
3,5.0
3,5.0
3,5.0
3,5.0
3,5.0
3,5.0
3,5.0
3,5.0
3,5.0
3,5.0
3,5.0
3,5.0
3,5.0
3,5.0
3,5.0
3,5.0
3,5.0
3,5.0
3,5.0
3,5.0
3,5.0
3,5.0
3,5.0
3,5.0
3,5.0
3,5.0
3,5.0
3,5.0
3,5.0
3,5.0
15,5.0
3,5.0
3,5.0
3,5.0
3,5.0
3,5.0
3,5.0
3,5.0
3,5.0
3,5.0
3,5.0
3,5.0
9,5.0
3,5.0
3,5.0
3,5.0
3,5.0
3,5.0
3,5.0
3,5.0
3,5.0
3,5.0
3,5.0
3,5.0
5,5.0
3,5.0
3,5.0
3,5.0
3,5.0
9,5.0
3,5.0
5,5.0
3,5.0
3,5.0
3,5.0
3,5.0
3,5.0
3,5.0
3,5.0
3,5.0
3,5.0
3,5.0
3,5.0
3,5.0
13,5.0
3,5.0
5,5.0
3,5.0
3,5.0
3,5.0
3,5.0
3,5.0
5,5.0
3,5.0
3,5.0
3,5.0
3,5.0
3,5.0
3,5.0
3,5.0
3,5.0
19,5.0
3,5.0
3,5.0
13,5.0
3,5.0
3,5.0
3,5.0
3,5.0
9,5.0
3,5.0
3,5.0
3,5.0
3,5.0
3,5.0
3,5.0
3,5.0
3,5.0
3,5.0
3,5.0
3,5.0
3,5.0
3,5.0
3,5.0
3,5.0
3,5.0
3,5.0
3,5.0
3,5.0
3,5.0
15,5.0
3,5.0
3,5.0
3,5.0
3,5.0
3,5.0
3,5.0
3,5.0
3,5.0
3,5.0
3,5.0
3,5.0
3,5.0
3,5.0
3,5.0
3,5.0
3,5.0
3,5.0
3,5.0
3,5.0
3,5.0
3,5.0
31,5.0
3,5.0
3,5.0
3,5.0
3,5.0
3,5.0
3,5.0
3,5.0
3,5.0
3,5.0
3,5.0
11,5.0
3,5.0
17,5.0
3,5.0
3,5.0
3,5.0
3,5.0
7,5.0
3,5.0
3,5.0
3,5.0
3,5.0
3,5.0
3,5.0
3,5.0
3,5.0
3,5.0
3,5.0
3,5.0
3,5.0
9,5.0
3,5.0
3,5.0
3,5.0
3,5.0
3,5.0
3,5.0
3,5.0
3,5.0
3,5.0
3,5.0
3,5.0
3,5.0
3,5.0
3,5.0
3,5.0
9,5.0
3,5.0
3,5.0
3,5.0
15,5.0
3,5.0
3,5.0
3,5.0
3,5.0
3,5.0
3,5.0
3,5.0
3,5.0
3,5.0
3,5.0
3,5.0
3,5.0
3,5.0
3,5.0
3,5.0
3,5.0
3,5.0
3,5.0
3,5.0
3,5.0
3,5.0
3,5.0
3,5.0
3,5.0
3,5.0
3,5.0
3,5.0
3,5.0
3,5.0
3,5.0
3,5.0
3,5.0
3,5.0
3,5.0
3,5.0
3,5.0
3,5.0
3,5.0
3,5.0
3,5.0
3,5.0
3,5.0
3,5.0
3,5.0
3,5.0
3,5.0
3,5.0
3,5.0
3,5.0
13,5.0
3,5.0
3,5.0
5,5.0
3,5.0
3,5.0
3,5.0
3,5.0
3,5.0
3,5.0
3,5.0
3,5.0
3,5.0
3,5.0
3,5.0
3,5.0
3,5.0
3,5.0
19,5.0
3,5.0
3,5.0
3,5.0
3,5.0
3,5.0
3,5.0
3,5.0
3,5.0
3,5.0
3,5.0
3,5.0
3,5.0
3,5.0
3,5.0
3,5.0
5,5.0
3,5.0
3,5.0
3,5.0
3,5.0
3,5.0
3,5.0
3,5.0
3,5.0
3,5.0
3,5.0
3,5.0
3,5.0
3,5.0
3,5.0
3,5.0
9,5.0
3,5.0
3,5.0
3,5.0
3,5.0
3,5.0
3,5.0
3,5.0
3,5.0
5,5.0
3,5.0
3,5.0
5,5.0
3,5.0
3,5.0
3,5.0
3,5.0
3,5.0
3,5.0
9,5.0
3,5.0
3,5.0
3,5.0
3,5.0
17,5.0
3,5.0
3,5.0
3,5.0
3,5.0
3,5.0
3,5.0
3,5.0
3,5.0
3,5.0
3,5.0
21,5.0
3,5.0
3,5.0
3,5.0
3,5.0
3,5.0
3,5.0
3,5.0
3,5.0
3,5.0
3,5.0
3,5.0
3,5.0
3,5.0
3,5.0
3,5.0
3,5.0
3,5.0
3,5.0
3,5.0
11,5.0
5,5.0
3,5.0
3,5.0
3,5.0
9,5.0
3,5.0
3,5.0
3,5.0
3,5.0
3,5.0
3,5.0
3,5.0
3,5.0
15,5.0
3,5.0
3,5.0
3,5.0
3,5.0
3,5.0
3,5.0
3,5.0
3,5.0
3,5.0
3,5.0
3,5.0
3,5.0
3,5.0
3,5.0
3,5.0
3,5.0
3,5.0
3,5.0
3,5.0
3,5.0
3,5.0
3,5.0
3,5.0
3,5.0
3,5.0
3,5.0
11,5.0
3,5.0
3,5.0
3,5.0
3,5.0
15,5.0
3,5.0
3,5.0
5,5.0
3,5.0
3,5.0
3,5.0
3,5.0
3,5.0
3,5.0
3,5.0
3,5.0
3,5.0
3,5.0
3,5.0
3,5.0
3,5.0
3,5.0
3,5.0
3,5.0
3,5.0
3,5.0
3,5.0
3,5.0
3,5.0
3,5.0
3,5.0
3,5.0
3,5.0
3,5.0
3,5.0
3,5.0
3,5.0
3,5.0
3,5.0
3,5.0
3,5.0
3,5.0
3,5.0
21,5.0
3,5.0
3,5.0
3,5.0
3,5.0
3,5.0
3,5.0
3,5.0
3,5.0
3,5.0
3,5.0
3,5.0
3,5.0
3,5.0
3,5.0
3,5.0
3,5.0
3,5.0
3,5.0
3,5.0
3,5.0
3,5.0
13,5.0
3,5.0
3,5.0
3,5.0
3,5.0
3,5.0
3,5.0
3,5.0
3,5.0
3,5.0
3,5.0
3,5.0
3,5.0
3,5.0
3,5.0
3,5.0
3,5.0
7,5.0
3,5.0
3,5.0
3,5.0
3,5.0
3,5.0
3,5.0
3,5.0
3,5.0
3,5.0
3,5.0
3,5.0
3,5.0
3,5.0
3,5.0
3,5.0
3,5.0
3,5.0
3,5.0
17,5.0
3,5.0
3,5.0
3,5.0
3,5.0
3,5.0
3,5.0
11,5.0
17,5.0
3,5.0
3,5.0
3,5.0
3,5.0
3,5.0
5,5.0
3,5.0
3,5.0
3,5.0
3,5.0
3,5.0
3,5.0
3,5.0
3,5.0
3,5.0
3,5.0
3,5.0
3,5.0
3,5.0
3,5.0
3,5.0
3,5.0
3,5.0
3,5.0
3,5.0
3,5.0
3,5.0
3,5.0
3,5.0
3,5.0
3,5.0
3,5.0
3,5.0
3,5.0
3,5.0
3,5.0
3,5.0
3,5.0
3,5.0
3,5.0
3,5.0
3,5.0
3,5.0
3,5.0
3,5.0
3,5.0
3,5.0
3,5.0
3,5.0
3,5.0
3,5.0
3,5.0
3,5.0
3,5.0
3,5.0
3,5.0
3,5.0
21,5.0
3,5.0
3,5.0
3,5.0
3,5.0
3,5.0
3,5.0
3,5.0
3,5.0
3,5.0
3,5.0
3,5.0
5,5.0
3,5.0
3,5.0
3,5.0
3,5.0
3,5.0
3,5.0
3,5.0
13,5.0
3,5.0
3,5.0
3,5.0
3,5.0
3,5.0
3,5.0
3,5.0
3,5.0
3,5.0
3,5.0
3,5.0
3,5.0
3,5.0
3,5.0
3,5.0
3,5.0
3,5.0
3,5.0
3,5.0
3,5.0
15,5.0
7,5.0
3,5.0
3,5.0
3,5.0
3,5.0
3,5.0
3,5.0
3,5.0
3,5.0
3,5.0
3,5.0
3,5.0
3,5.0
3,5.0
3,5.0
3,5.0
3,5.0
3,5.0
3,5.0
3,5.0
3,5.0
3,5.0
3,5.0
3,5.0
3,5.0
3,5.0
3,5.0
3,5.0
3,5.0
3,5.0
3,5.0
3,5.0
19,5.0
3,5.0
3,5.0
3,5.0
3,5.0
3,5.0
3,5.0
3,5.0
3,5.0
3,5.0
3,5.0
3,5.0
3,5.0
3,5.0
3,5.0
3,5.0
3,5.0
3,5.0
3,5.0
3,5.0
3,5.0
3,5.0
3,5.0
3,5.0
3,5.0
3,5.0
3,5.0
3,5.0
3,5.0
3,5.0
11,5.0
3,5.0
3,5.0
3,5.0
3,5.0
3,5.0
3,5.0
3,5.0
3,5.0
3,5.0
3,5.0
3,5.0
3,5.0
3,5.0
3,5.0
3,5.0
3,5.0
3,5.0
13,5.0
3,5.0
3,5.0
3,5.0
3,5.0
3,5.0
3,5.0
3,5.0
3,5.0
3,5.0
3,5.0
3,5.0
3,5.0
3,5.0
3,5.0
3,5.0
3,5.0
3,5.0
3,5.0
3,5.0
3,5.0
3,5.0
3,5.0
13,5.0
3,5.0
3,5.0
3,5.0
3,5.0
3,5.0
3,5.0
7,5.0
11,5.0
3,5.0
7,5.0
3,5.0
3,5.0
3,5.0
3,5.0
3,5.0
3,5.0
3,5.0
7,5.0
3,5.0
3,5.0
3,5.0
3,5.0
3,5.0
3,5.0
3,5.0
21,5.0
3,5.0
3,5.0
3,5.0
3,5.0
3,5.0
3,5.0
3,5.0
3,5.0
3,5.0
3,5.0
3,5.0
11,5.0
3,5.0
3,5.0
3,5.0
3,5.0
3,5.0
3,5.0
3,5.0
3,5.0
3,5.0
3,5.0
3,5.0
3,5.0
3,5.0
3,5.0
3,5.0
3,5.0
19,5.0
3,5.0
3,5.0
3,5.0
3,5.0
3,5.0
3,5.0
3,5.0
3,5.0
3,5.0
3,5.0
3,5.0
3,5.0
3,5.0
3,5.0
3,5.0
3,5.0
3,5.0
3,5.0
3,5.0
3,5.0
3,5.0
3,5.0
3,5.0
3,5.0
3,5.0
3,5.0
3,5.0
3,5.0
3,5.0
3,5.0
3,5.0
3,5.0
3,5.0
3,5.0
3,5.0
3,5.0
3,5.0
3,5.0
3,5.0
3,5.0
9,5.0
3,5.0
3,5.0
3,5.0
3,5.0
3,5.0
3,5.0
3,4.0
3,4.0
3,4.0
3,4.0
3,4.0
3,4.0
3,4.0
3,4.0
3,4.0
3,4.0
3,4.0
3,4.0
3,4.0
3,4.0
3,4.0
3,4.0
3,4.0
3,4.0
3,4.0
3,4.0
3,4.0
3,4.0
3,4.0
3,4.0
3,4.0
3,4.0
3,4.0
3,4.0
3,4.0
3,4.0
3,4.0
3,4.0
3,4.0
3,4.0
3,4.0
3,4.0
3,4.0
3,4.0
3,4.0
3,4.0
3,4.0
3,4.0
7,4.0
3,4.0
3,4.0
3,4.0
3,4.0
3,4.0
3,4.0
3,4.0
3,4.0
3,4.0
3,4.0
3,4.0
3,4.0
3,4.0
3,4.0
3,4.0
3,4.0
3,4.0
3,4.0
3,4.0
13,4.0
3,4.0
3,4.0
3,4.0
3,4.0
3,4.0
3,4.0
3,4.0
17,4.0
3,4.0
3,4.0
3,4.0
5,4.0
3,4.0
3,4.0
7,4.0
3,4.0
3,4.0
5,4.0
3,4.0
3,4.0
3,4.0
3,4.0
3,4.0
3,4.0
3,4.0
3,4.0
3,4.0
3,4.0
3,4.0
3,4.0
3,4.0
3,4.0
3,4.0
3,4.0
3,4.0
3,4.0
3,4.0
3,4.0
3,4.0
3,4.0
3,4.0
3,4.0
3,4.0
3,4.0
3,4.0
3,4.0
3,4.0
3,4.0
3,4.0
3,4.0
3,4.0
17,4.0
3,4.0
3,4.0
3,4.0
3,4.0
3,4.0
3,4.0
3,4.0
3,4.0
3,4.0
3,4.0
3,4.0
3,4.0
3,4.0
3,4.0
3,4.0
3,4.0
3,4.0
3,4.0
13,4.0
3,4.0
3,4.0
3,4.0
21,4.0
3,4.0
3,4.0
3,4.0
3,4.0
11,4.0
3,4.0
3,4.0
3,4.0
3,4.0
3,4.0
3,4.0
3,4.0
3,4.0
3,4.0
9,4.0
3,4.0
3,4.0
3,4.0
3,4.0
3,4.0
3,4.0
3,4.0
3,4.0
3,4.0
3,4.0
3,4.0
3,4.0
3,4.0
3,4.0
3,4.0
21,4.0
3,4.0
3,4.0
3,4.0
3,4.0
3,4.0
3,4.0
7,4.0
3,4.0
3,4.0
3,4.0
3,4.0
3,4.0
3,4.0
3,4.0
3,4.0
3,4.0
3,4.0
5,4.0
3,4.0
3,4.0
7,4.0
3,4.0
3,4.0
3,4.0
17,4.0
3,4.0
3,4.0
3,4.0
3,4.0
3,4.0
3,4.0
3,4.0
3,4.0
3,4.0
3,4.0
3,4.0
9,4.0
3,4.0
3,4.0
3,4.0
3,4.0
3,4.0
3,4.0
9,4.0
3,4.0
3,4.0
3,4.0
3,4.0
3,4.0
3,4.0
3,4.0
3,4.0
3,4.0
3,4.0
3,4.0
3,4.0
3,4.0
3,4.0
3,4.0
3,4.0
3,4.0
3,4.0
3,4.0
3,4.0
3,4.0
3,4.0
3,4.0
3,4.0
3,4.0
3,4.0
3,4.0
3,4.0
3,4.0
11,4.0
15,4.0
3,4.0
3,4.0
3,4.0
3,4.0
3,4.0
3,4.0
3,4.0
13,4.0
3,4.0
3,4.0
3,4.0
11,4.0
3,4.0
3,4.0
3,4.0
3,4.0
3,4.0
3,4.0
3,4.0
3,4.0
3,4.0
3,4.0
3,4.0
3,4.0
3,4.0
3,4.0
9,4.0
3,4.0
3,4.0
11,4.0
3,4.0
3,4.0
3,4.0
3,4.0
3,4.0
3,4.0
3,4.0
3,4.0
3,4.0
3,4.0
3,4.0
3,4.0
13,4.0
3,4.0
3,4.0
3,4.0
3,4.0
3,4.0
3,4.0
3,4.0
3,4.0
3,4.0
3,4.0
3,4.0
3,4.0
3,4.0
3,4.0
3,4.0
3,4.0
3,4.0
3,4.0
3,4.0
3,4.0
3,4.0
3,4.0
3,4.0
3,4.0
3,4.0
3,4.0
3,4.0
3,4.0
3,4.0
3,4.0
3,4.0
3,4.0
3,4.0
3,4.0
3,4.0
3,4.0
3,4.0
3,4.0
3,4.0
3,4.0
3,4.0
3,4.0
3,4.0
3,4.0
3,4.0
3,4.0
17,4.0
3,4.0
3,4.0
3,4.0
3,4.0
3,4.0
3,4.0
19,4.0
3,4.0
3,4.0
15,4.0
3,4.0
3,4.0
3,4.0
3,4.0
3,4.0
3,4.0
3,4.0
3,4.0
3,4.0
3,4.0
3,4.0
3,4.0
3,4.0
3,4.0
3,4.0
3,4.0
3,4.0
3,4.0
3,4.0
3,4.0
3,4.0
3,4.0
11,4.0
3,4.0
3,4.0
3,4.0
3,4.0
3,4.0
3,4.0
3,4.0
3,4.0
3,4.0
3,4.0
3,4.0
3,4.0
3,4.0
3,4.0
3,4.0
3,4.0
3,4.0
3,4.0
3,4.0
3,4.0
3,4.0
3,4.0
5,4.0
3,4.0
13,4.0
3,4.0
3,4.0
3,4.0
3,4.0
3,4.0
3,4.0
3,4.0
3,4.0
3,4.0
3,4.0
3,4.0
3,4.0
3,4.0
3,4.0
3,4.0
3,4.0
3,4.0
3,4.0
3,4.0
3,4.0
3,4.0
3,4.0
13,4.0
3,4.0
3,4.0
3,4.0
5,4.0
3,4.0
3,4.0
3,4.0
3,4.0
3,4.0
3,4.0
3,4.0
3,4.0
3,4.0
3,4.0
5,4.0
3,4.0
3,4.0
3,4.0
3,4.0
3,4.0
3,4.0
3,4.0
3,4.0
3,4.0
3,4.0
17,4.0
3,4.0
3,4.0
3,4.0
3,4.0
3,4.0
3,4.0
3,4.0
3,4.0
3,4.0
3,4.0
3,4.0
3,4.0
3,4.0
3,4.0
3,4.0
3,4.0
3,4.0
3,4.0
3,4.0
3,4.0
3,4.0
15,4.0
3,4.0
3,4.0
3,4.0
3,4.0
3,4.0
3,4.0
7,4.0
3,4.0
3,4.0
3,4.0
3,4.0
3,4.0
3,4.0
3,4.0
3,4.0
3,4.0
3,4.0
3,4.0
3,4.0
3,4.0
3,4.0
3,4.0
3,4.0
3,4.0
3,4.0
3,4.0
13,4.0
3,4.0
3,4.0
3,4.0
3,4.0
3,4.0
3,4.0
3,4.0
3,4.0
3,4.0
3,4.0
3,4.0
3,4.0
3,4.0
3,4.0
3,4.0
3,4.0
3,4.0
5,4.0
3,4.0
3,4.0
3,4.0
3,4.0
3,4.0
3,4.0
3,4.0
3,4.0
3,4.0
3,4.0
3,4.0
3,4.0
3,4.0
17,4.0
3,4.0
3,4.0
3,4.0
3,4.0
3,4.0
3,4.0
3,4.0
3,4.0
3,4.0
7,4.0
13,4.0
3,4.0
3,4.0
3,4.0
3,4.0
17,4.0
3,4.0
3,4.0
13,4.0
3,4.0
3,4.0
3,4.0
3,4.0
3,4.0
3,4.0
3,4.0
9,4.0
3,4.0
3,4.0
3,4.0
3,4.0
3,4.0
3,4.0
3,4.0
3,4.0
3,4.0
3,4.0
3,4.0
3,4.0
3,4.0
3,4.0
3,4.0
3,4.0
3,4.0
15,4.0
3,4.0
3,4.0
3,4.0
3,4.0
3,4.0
3,4.0
7,4.0
3,4.0
3,4.0
3,4.0
5,4.0
3,4.0
3,4.0
3,4.0
3,4.0
17,4.0
3,4.0
3,4.0
3,4.0
7,4.0
3,4.0
3,4.0
3,4.0
3,4.0
3,4.0
5,4.0
3,4.0
3,4.0
3,4.0
3,4.0
3,4.0
3,4.0
3,4.0
3,4.0
3,4.0
3,4.0
3,4.0
19,4.0
3,4.0
3,4.0
3,4.0
3,4.0
3,4.0
3,4.0
21,4.0
3,4.0
3,4.0
3,4.0
3,4.0
3,4.0
3,4.0
11,4.0
3,4.0
3,4.0
3,4.0
3,4.0
3,4.0
3,4.0
3,4.0
3,4.0
21,4.0
3,4.0
3,4.0
3,4.0
3,4.0
3,4.0
3,4.0
3,4.0
3,4.0
3,4.0
3,4.0
5,4.0
3,4.0
3,4.0
3,4.0
3,4.0
3,4.0
3,4.0
3,4.0
3,4.0
3,4.0
3,4.0
5,4.0
3,4.0
3,4.0
3,4.0
13,4.0
3,4.0
3,4.0
3,4.0
3,4.0
3,4.0
3,4.0
15,4.0
3,4.0
3,4.0
3,4.0
3,4.0
3,4.0
3,4.0
3,4.0
3,4.0
3,4.0
3,4.0
3,4.0
11,4.0
3,4.0
3,4.0
3,4.0
3,4.0
3,4.0
3,4.0
3,4.0
3,4.0
3,4.0
3,4.0
3,4.0
3,4.0
3,4.0
3,4.0
3,4.0
3,4.0
3,4.0
3,4.0
11,4.0
3,4.0
3,4.0
3,4.0
3,4.0
3,4.0
3,4.0
3,4.0
3,4.0
3,4.0
3,4.0
3,4.0
3,4.0
3,4.0
3,4.0
5,4.0
3,4.0
3,4.0
3,4.0
3,4.0
3,4.0
3,4.0
3,4.0
3,4.0
19,4.0
3,4.0
3,4.0
3,4.0
3,4.0
3,4.0
3,4.0
3,4.0
7,4.0
3,4.0
3,4.0
3,4.0
3,4.0
3,4.0
3,4.0
3,4.0
3,4.0
3,4.0
3,4.0
3,4.0
3,4.0
3,4.0
3,4.0
3,4.0
3,4.0
3,4.0
7,4.0
3,4.0
3,4.0
3,4.0
3,4.0
11,4.0
3,4.0
3,4.0
3,4.0
3,4.0
3,4.0
3,4.0
3,4.0
3,4.0
3,4.0
3,4.0
3,4.0
3,4.0
3,4.0
3,4.0
3,4.0
17,4.0
3,4.0
3,4.0
3,4.0
3,4.0
3,4.0
3,4.0
3,4.0
3,4.0
3,4.0
17,4.0
3,4.0
3,4.0
3,4.0
3,4.0
13,4.0
3,4.0
3,4.0
3,4.0
3,4.0
3,4.0
3,4.0
3,4.0
3,4.0
3,4.0
3,4.0
3,4.0
3,4.0
3,4.0
3,4.0
3,4.0
3,4.0
3,4.0
3,4.0
3,4.0
3,4.0
3,4.0
3,4.0
3,4.0
3,4.0
3,4.0
11,4.0
3,4.0
5,4.0
3,4.0
3,4.0
3,4.0
3,4.0
3,4.0
3,4.0
3,4.0
3,4.0
3,4.0
3,4.0
3,4.0
3,4.0
3,4.0
3,4.0
3,4.0
3,4.0
3,4.0
3,4.0
3,4.0
3,4.0
3,4.0
3,4.0
3,4.0
19,4.0
3,4.0
3,4.0
3,4.0
3,4.0
3,4.0
3,4.0
3,4.0
17,4.0
3,4.0
3,4.0
3,4.0
3,4.0
3,4.0
3,4.0
3,4.0
3,4.0
3,4.0
3,4.0
5,4.0
3,4.0
3,4.0
3,4.0
3,4.0
3,4.0
15,4.0
3,4.0
11,4.0
3,4.0
3,4.0
5,4.0
3,4.0
19,4.0
3,4.0
3,4.0
7,4.0
3,4.0
3,4.0
3,4.0
3,4.0
7,4.0
3,4.0
3,4.0
3,4.0
3,4.0
3,4.0
3,4.0
3,4.0
3,4.0
3,4.0
3,4.0
3,4.0
3,4.0
3,4.0
3,4.0
3,4.0
3,4.0
3,4.0
3,4.0
3,4.0
3,4.0
3,4.0
21,4.0
3,4.0
3,4.0
9,4.0
3,4.0
3,4.0
3,4.0
3,4.0
3,4.0
3,4.0
3,4.0
3,4.0
3,4.0
3,4.0
3,4.0
3,4.0
3,4.0
3,4.0
3,4.0
3,4.0
7,4.0
3,4.0
3,4.0
3,4.0
3,4.0
11,4.0
3,4.0
3,4.0
3,4.0
3,4.0
3,4.0
3,4.0
3,4.0
3,4.0
3,4.0
3,4.0
3,4.0
3,4.0
3,4.0
3,4.0
3,4.0
3,4.0
3,4.0
3,4.0
15,4.0
3,4.0
3,4.0
3,4.0
3,4.0
3,4.0
3,4.0
3,4.0
3,4.0
3,4.0
3,4.0
3,4.0
3,4.0
3,4.0
3,4.0
3,4.0
3,4.0
3,4.0
27,4.0
3,4.0
3,4.0
7,4.0
3,4.0
3,4.0
3,4.0
3,4.0
3,4.0
3,4.0
3,4.0
3,4.0
3,4.0
3,4.0
3,4.0
3,4.0
3,4.0
3,4.0
3,4.0
3,4.0
3,4.0
3,4.0
3,4.0
3,4.0
3,4.0
3,4.0
3,4.0
11,4.0
3,4.0
3,4.0
3,4.0
3,4.0
3,4.0
3,4.0
3,4.0
3,4.0
3,4.0
3,4.0
3,4.0
3,4.0
3,4.0
3,4.0
3,4.0
3,4.0
3,4.0
3,4.0
3,4.0
3,4.0
3,4.0
3,4.0
3,4.0
3,4.0
3,4.0
3,4.0
5,4.0
3,4.0
3,4.0
3,4.0
3,4.0
3,4.0
3,4.0
3,4.0
3,4.0
3,4.0
3,4.0
3,4.0
3,4.0
3,4.0
3,4.0
3,4.0
9,4.0
3,4.0
3,4.0
3,4.0
3,4.0
3,4.0
3,4.0
3,4.0
3,4.0
3,4.0
3,4.0
3,4.0
3,4.0
3,4.0
3,4.0
7,4.0
3,4.0
3,4.0
13,4.0
3,4.0
3,4.0
3,4.0
3,4.0
3,4.0
3,4.0
3,4.0
3,4.0
3,4.0
3,4.0
3,4.0
3,4.0
3,4.0
3,4.0
3,4.0
3,4.0
3,4.0
3,4.0
3,4.0
3,4.0
3,4.0
13,4.0
3,4.0
3,4.0
3,4.0
3,4.0
3,4.0
3,4.0
3,4.0
3,4.0
3,4.0
3,4.0
3,4.0
3,4.0
3,4.0
3,4.0
3,4.0
3,4.0
3,4.0
3,4.0
3,4.0
3,4.0
3,4.0
3,4.0
3,4.0
3,4.0
3,4.0
3,4.0
3,4.0
3,4.0
3,4.0
3,4.0
5,4.0
3,4.0
13,4.0
3,4.0
3,4.0
3,4.0
7,4.0
3,4.0
3,4.0
3,4.0
5,4.0
3,4.0
3,4.0
3,4.0
3,4.0
3,4.0
3,4.0
17,4.0
3,4.0
3,4.0
3,4.0
3,4.0
3,4.0
3,4.0
3,4.0
9,4.0
7,4.0
3,4.0
3,4.0
3,4.0
3,4.0
3,4.0
3,4.0
3,4.0
3,4.0
3,4.0
3,4.0
3,4.0
11,4.0
3,4.0
3,4.0
3,4.0
3,4.0
3,4.0
3,4.0
3,4.0
3,4.0
3,4.0
3,4.0
3,4.0
3,4.0
3,4.0
3,4.0
3,4.0
3,4.0
3,4.0
3,4.0
3,4.0
3,4.0
3,4.0
3,4.0
3,4.0
3,4.0
3,4.0
3,4.0
3,4.0
3,4.0
3,4.0
3,4.0
3,4.0
3,4.0
3,4.0
3,4.0
3,4.0
3,4.0
3,4.0
3,4.0
3,4.0
3,4.0
3,4.0
3,4.0
3,4.0
3,4.0
3,4.0
3,4.0
3,4.0
3,4.0
3,4.0
3,4.0
3,4.0
3,4.0
3,4.0
3,4.0
3,4.0
3,4.0
3,4.0
3,4.0
3,4.0
3,4.0
13,4.0
3,4.0
3,4.0
3,4.0
3,4.0
3,4.0
7,4.0
3,4.0
3,4.0
3,4.0
3,4.0
3,4.0
11,4.0
3,4.0
3,4.0
3,4.0
3,4.0
3,4.0
3,4.0
3,4.0
3,4.0
3,4.0
3,4.0
3,4.0
3,4.0
3,4.0
3,4.0
15,4.0
3,4.0
3,4.0
3,4.0
3,4.0
3,4.0
3,4.0
3,4.0
3,4.0
3,4.0
3,4.0
15,4.0
3,4.0
3,4.0
3,4.0
3,4.0
3,4.0
3,4.0
3,4.0
3,4.0
3,4.0
3,4.0
3,4.0
3,4.0
3,4.0
3,4.0
3,4.0
3,4.0
3,4.0
3,4.0
3,4.0
3,4.0
3,4.0
3,4.0
3,4.0
3,4.0
3,4.0
3,4.0
3,4.0
3,4.0
3,4.0
3,4.0
3,4.0
3,4.0
3,4.0
3,4.0
3,4.0
3,4.0
3,4.0
3,4.0
3,4.0
3,4.0
3,4.0
3,4.0
3,4.0
3,4.0
3,4.0
3,4.0
3,4.0
3,4.0
3,4.0
3,4.0
3,4.0
3,4.0
3,4.0
3,4.0
3,4.0
3,4.0
3,4.0
3,4.0
3,4.0
3,4.0
3,4.0
3,4.0
3,4.0
3,4.0
3,4.0
3,4.0
3,4.0
3,4.0
3,4.0
3,4.0
3,4.0
3,4.0
3,4.0
3,4.0
3,4.0
3,4.0
3,4.0
3,4.0
13,4.0
3,4.0
3,4.0
3,4.0
3,4.0
3,4.0
3,4.0
3,4.0
3,4.0
3,4.0
3,4.0
3,4.0
3,4.0
7,4.0
3,4.0
3,4.0
3,4.0
3,4.0
3,4.0
3,4.0
3,4.0
3,4.0
3,4.0
3,4.0
3,4.0
3,4.0
3,4.0
11,4.0
3,4.0
3,4.0
3,4.0
3,4.0
3,4.0
3,4.0
3,4.0
3,4.0
3,4.0
3,4.0
5,4.0
3,4.0
3,4.0
13,4.0
3,4.0
3,4.0
3,4.0
3,4.0
3,4.0
3,4.0
3,4.0
3,4.0
3,4.0
3,4.0
17,4.0
3,4.0
3,4.0
3,4.0
3,4.0
3,4.0
3,4.0
3,4.0
3,4.0
3,4.0
3,4.0
3,4.0
3,4.0
3,4.0
3,4.0
3,4.0
3,4.0
3,4.0
15,4.0
3,4.0
3,4.0
3,4.0
3,4.0
3,4.0
3,4.0
3,4.0
3,4.0
3,4.0
3,4.0
3,4.0
3,4.0
3,4.0
3,4.0
3,4.0
3,4.0
3,4.0
19,4.0
3,4.0
3,4.0
3,4.0
3,4.0
3,4.0
3,4.0
3,4.0
3,4.0
19,4.0
3,4.0
3,4.0
3,4.0
3,4.0
3,4.0
3,4.0
3,4.0
3,4.0
3,4.0
3,4.0
3,4.0
3,4.0
13,4.0
3,4.0
3,4.0
3,4.0
3,4.0
3,4.0
3,4.0
3,4.0
3,4.0
3,4.0
3,4.0
3,4.0
3,4.0
3,4.0
3,4.0
3,4.0
3,4.0
3,4.0
3,4.0
3,4.0
3,4.0
3,4.0
3,4.0
3,4.0
3,4.0
3,4.0
3,4.0
7,4.0
3,4.0
3,4.0
3,4.0
3,4.0
3,4.0
3,4.0
3,4.0
3,4.0
3,4.0
3,4.0
3,4.0
3,4.0
3,4.0
3,4.0
3,4.0
3,4.0
3,4.0
3,4.0
3,4.0
3,4.0
3,4.0
3,4.0
3,4.0
3,4.0
3,4.0
3,4.0
3,4.0
3,4.0
3,4.0
3,4.0
17,4.0
3,4.0
17,4.0
3,4.0
3,4.0
3,4.0
3,4.0
3,4.0
3,4.0
3,4.0
3,4.0
3,4.0
3,4.0
3,4.0
3,4.0
3,4.0
3,4.0
3,4.0
3,4.0
5,4.0
3,4.0
3,4.0
5,4.0
3,4.0
3,4.0
3,4.0
3,4.0
3,4.0
3,4.0
3,4.0
3,4.0
3,4.0
3,4.0
3,4.0
3,4.0
3,4.0
3,4.0
3,4.0
3,4.0
3,4.0
3,4.0
3,4.0
3,4.0
3,4.0
3,4.0
3,4.0
3,4.0
3,4.0
3,4.0
3,4.0
5,4.0
3,4.0
3,4.0
3,4.0
3,4.0
3,4.0
3,4.0
3,4.0
3,4.0
3,4.0
3,4.0
3,4.0
3,4.0
3,4.0
3,4.0
3,4.0
3,4.0
3,4.0
3,4.0
3,4.0
3,4.0
3,4.0
3,4.0
3,4.0
3,4.0
15,4.0
3,4.0
3,4.0
3,4.0
3,4.0
3,4.0
3,4.0
3,4.0
3,4.0
3,4.0
3,4.0
3,4.0
3,4.0
5,4.0
3,4.0
3,4.0
3,4.0
3,4.0
3,4.0
3,4.0
3,4.0
3,4.0
3,4.0
3,4.0
3,4.0
3,4.0
3,4.0
3,4.0
3,4.0
3,4.0
3,4.0
3,4.0
3,4.0
5,4.0
3,4.0
3,4.0
3,4.0
3,4.0
3,4.0
11,4.0
3,4.0
3,4.0
3,4.0
15,4.0
3,4.0
3,4.0
5,4.0
3,4.0
3,4.0
3,4.0
3,4.0
3,4.0
3,4.0
3,4.0
3,4.0
3,4.0
3,4.0
3,4.0
3,4.0
3,4.0
3,4.0
3,4.0
3,4.0
3,4.0
3,4.0
3,4.0
3,4.0
3,4.0
3,4.0
3,4.0
3,4.0
3,4.0
3,4.0
3,4.0
3,4.0
3,4.0
3,4.0
3,4.0
3,4.0
3,4.0
3,4.0
3,4.0
3,4.0
3,4.0
3,4.0
3,4.0
3,4.0
3,4.0
3,4.0
3,4.0
3,4.0
3,4.0
3,4.0
3,4.0
3,4.0
3,4.0
3,4.0
3,4.0
3,4.0
3,4.0
3,4.0
11,4.0
3,4.0
3,4.0
3,4.0
3,4.0
3,4.0
3,4.0
3,4.0
3,4.0
3,4.0
3,4.0
3,4.0
3,4.0
3,4.0
3,4.0
3,4.0
3,4.0
15,4.0
11,4.0
3,4.0
3,4.0
3,4.0
3,4.0
5,4.0
3,4.0
3,4.0
9,4.0
3,4.0
3,4.0
3,4.0
3,4.0
3,4.0
3,4.0
3,4.0
3,4.0
3,4.0
3,4.0
3,4.0
3,4.0
13,4.0
3,4.0
3,4.0
3,4.0
3,4.0
3,4.0
3,4.0
3,4.0
3,4.0
3,4.0
3,4.0
3,4.0
3,4.0
3,4.0
3,4.0
3,4.0
3,4.0
3,4.0
3,4.0
3,4.0
3,4.0
3,4.0
3,4.0
5,4.0
19,4.0
3,4.0
3,4.0
3,4.0
3,4.0
3,4.0
3,4.0
3,4.0
3,4.0
3,4.0
3,4.0
3,4.0
3,4.0
3,4.0
3,4.0
3,4.0
3,4.0
3,4.0
3,4.0
3,4.0
3,4.0
3,4.0
3,4.0
3,4.0
3,4.0
3,4.0
3,4.0
5,4.0
3,4.0
3,4.0
3,4.0
3,4.0
3,4.0
3,4.0
3,4.0
3,4.0
3,4.0
3,4.0
3,4.0
3,4.0
3,4.0
3,4.0
3,4.0
3,4.0
3,4.0
3,4.0
3,4.0
3,4.0
3,4.0
3,4.0
3,4.0
7,4.0
3,4.0
3,4.0
13,4.0
3,4.0
3,4.0
3,4.0
3,4.0
3,4.0
3,4.0
3,4.0
3,4.0
3,4.0
21,4.0
3,4.0
3,4.0
9,4.0
3,4.0
3,4.0
3,4.0
3,4.0
3,4.0
3,4.0
3,4.0
3,4.0
3,4.0
3,4.0
3,4.0
3,4.0
3,4.0
3,4.0
3,4.0
3,4.0
3,4.0
3,4.0
3,4.0
3,4.0
3,4.0
3,4.0
3,4.0
3,4.0
3,4.0
3,4.0
11,4.0
3,4.0
3,4.0
3,4.0
3,4.0
3,4.0
3,4.0
9,4.0
3,4.0
3,4.0
3,4.0
3,4.0
3,4.0
3,4.0
3,4.0
3,4.0
3,4.0
3,4.0
3,4.0
3,4.0
3,4.0
3,4.0
3,4.0
3,4.0
3,4.0
3,4.0
3,4.0
3,4.0
3,4.0
3,4.0
3,4.0
3,4.0
3,4.0
3,4.0
3,4.0
3,4.0
3,4.0
3,4.0
3,4.0
3,4.0
3,4.0
3,4.0
3,4.0
13,4.0
3,4.0
3,4.0
3,4.0
3,4.0
3,4.0
3,4.0
3,4.0
3,4.0
3,4.0
3,4.0
3,4.0
3,4.0
3,4.0
3,4.0
3,4.0
3,4.0
3,4.0
3,4.0
3,4.0
3,4.0
3,4.0
3,4.0
3,4.0
3,4.0
3,4.0
3,4.0
3,4.0
7,4.0
3,4.0
3,4.0
3,4.0
3,4.0
3,4.0
3,4.0
3,4.0
3,4.0
3,4.0
3,4.0
3,4.0
3,4.0
3,4.0
3,4.0
3,4.0
3,4.0
3,4.0
3,4.0
3,4.0
3,4.0
3,4.0
3,4.0
3,4.0
3,4.0
3,4.0
3,4.0
3,4.0
3,4.0
3,4.0
3,4.0
3,4.0
3,4.0
3,4.0
3,4.0
3,4.0
3,4.0
3,4.0
3,4.0
3,4.0
3,4.0
3,4.0
11,4.0
3,4.0
3,4.0
3,4.0
3,4.0
3,4.0
3,4.0
3,4.0
7,4.0
3,4.0
3,4.0
3,4.0
3,4.0
13,4.0
3,4.0
3,4.0
3,4.0
3,4.0
17,4.0
3,4.0
5,4.0
3,4.0
3,4.0
3,4.0
3,4.0
3,4.0
3,4.0
3,4.0
3,4.0
3,4.0
3,4.0
3,4.0
3,4.0
3,4.0
3,4.0
3,4.0
3,4.0
3,4.0
3,4.0
3,4.0
3,4.0
13,4.0
3,4.0
3,4.0
3,4.0
3,4.0
3,4.0
3,4.0
5,4.0
3,4.0
3,4.0
3,4.0
3,4.0
3,4.0
3,4.0
3,4.0
3,4.0
3,4.0
3,4.0
3,4.0
3,4.0
3,4.0
3,4.0
3,4.0
3,4.0
7,4.0
3,4.0
7,4.0
3,4.0
3,4.0
3,4.0
3,4.0
3,4.0
3,4.0
3,4.0
3,4.0
3,4.0
3,4.0
3,4.0
3,4.0
3,4.0
3,4.0
3,4.0
3,4.0
3,4.0
3,4.0
3,4.0
3,4.0
3,4.0
3,4.0
5,4.0
3,4.0
3,4.0
3,4.0
3,4.0
5,4.0
3,4.0
3,4.0
3,4.0
3,4.0
3,4.0
3,4.0
3,4.0
3,4.0
3,4.0
5,4.0
3,4.0
3,4.0
3,4.0
3,4.0
3,4.0
7,4.0
3,4.0
3,4.0
3,4.0
3,4.0
3,4.0
3,4.0
3,4.0
3,4.0
3,4.0
3,4.0
3,4.0
3,4.0
3,4.0
3,4.0
3,4.0
5,4.0
3,4.0
17,4.0
3,4.0
3,4.0
3,4.0
3,4.0
3,4.0
3,4.0
3,4.0
3,4.0
3,4.0
3,4.0
3,4.0
3,4.0
3,4.0
3,4.0
3,4.0
3,4.0
3,4.0
3,4.0
3,4.0
3,4.0
15,4.0
11,4.0
3,4.0
3,4.0
3,4.0
3,4.0
3,4.0
3,4.0
17,4.0
3,4.0
3,4.0
3,4.0
3,4.0
3,4.0
3,4.0
3,4.0
3,4.0
3,4.0
3,4.0
3,4.0
7,4.0
3,4.0
3,4.0
3,4.0
3,4.0
3,4.0
3,4.0
3,4.0
3,4.0
3,4.0
3,4.0
3,4.0
3,4.0
3,4.0
3,4.0
3,4.0
11,4.0
3,4.0
3,4.0
3,4.0
3,4.0
3,4.0
3,4.0
3,4.0
3,4.0
3,4.0
3,4.0
3,4.0
3,4.0
3,4.0
11,4.0
3,4.0
11,4.0
3,4.0
3,4.0
3,4.0
3,4.0
17,4.0
5,4.0
3,4.0
3,4.0
3,4.0
3,4.0
3,4.0
11,4.0
3,4.0
3,4.0
3,4.0
7,4.0
3,4.0
3,4.0
3,4.0
3,4.0
3,4.0
3,4.0
3,4.0
3,4.0
3,4.0
3,4.0
3,4.0
3,4.0
3,4.0
15,4.0
3,4.0
3,4.0
3,4.0
3,4.0
3,4.0
7,4.0
3,4.0
3,4.0
3,4.0
3,4.0
7,4.0
3,4.0
3,4.0
3,4.0
3,4.0
13,4.0
3,4.0
3,4.0
3,4.0
3,4.0
3,4.0
3,4.0
3,4.0
3,4.0
3,4.0
3,4.0
3,4.0
3,4.0
3,4.0
3,4.0
3,4.0
3,4.0
3,4.0
3,4.0
3,4.0
3,4.0
3,4.0
3,4.0
3,4.0
5,4.0
3,4.0
3,4.0
21,4.0
3,4.0
3,4.0
3,4.0
3,4.0
3,4.0
3,4.0
3,4.0
3,4.0
3,4.0
3,4.0
3,4.0
3,4.0
3,4.0
3,4.0
3,4.0
3,4.0
3,4.0
3,4.0
3,4.0
3,4.0
3,4.0
3,4.0
3,4.0
3,4.0
3,4.0
3,4.0
3,4.0
3,4.0
3,4.0
3,4.0
3,4.0
3,4.0
3,4.0
3,4.0
3,4.0
3,4.0
3,4.0
3,4.0
3,4.0
3,4.0
3,4.0
3,4.0
3,4.0
3,4.0
3,4.0
3,4.0
3,4.0
3,4.0
3,4.0
3,4.0
3,4.0
3,4.0
3,4.0
3,4.0
3,4.0
3,4.0
3,4.0
3,4.0
3,4.0
15,4.0
3,4.0
3,4.0
3,4.0
3,4.0
3,4.0
3,4.0
3,4.0
3,4.0
11,4.0
3,4.0
3,4.0
3,4.0
3,4.0
3,4.0
3,4.0
3,4.0
3,4.0
3,4.0
3,4.0
3,4.0
3,4.0
3,4.0
3,4.0
3,4.0
3,4.0
3,4.0
3,4.0
3,4.0
3,4.0
3,4.0
3,4.0
3,4.0
3,4.0
3,4.0
3,4.0
3,4.0
3,4.0
3,4.0
3,4.0
3,4.0
3,4.0
3,4.0
3,4.0
3,4.0
3,4.0
3,4.0
3,4.0
3,4.0
3,4.0
3,4.0
3,4.0
5,4.0
3,4.0
3,4.0
3,4.0
3,4.0
3,4.0
3,4.0
3,4.0
3,4.0
3,4.0
3,4.0
3,4.0
3,4.0
3,4.0
3,4.0
3,4.0
3,4.0
3,4.0
3,4.0
3,4.0
3,4.0
3,4.0
3,4.0
3,4.0
3,4.0
3,4.0
3,4.0
3,4.0
3,4.0
3,4.0
3,4.0
3,4.0
3,4.0
3,4.0
3,4.0
3,4.0
3,4.0
3,4.0
3,4.0
3,4.0
3,4.0
3,4.0
3,4.0
3,4.0
3,4.0
3,4.0
3,4.0
3,4.0
3,4.0
9,4.0
3,4.0
3,4.0
3,4.0
3,4.0
3,4.0
3,4.0
3,4.0
3,4.0
3,4.0
3,4.0
3,4.0
3,4.0
3,4.0
3,4.0
3,4.0
3,4.0
3,4.0
3,4.0
3,4.0
3,4.0
3,4.0
3,4.0
3,4.0
3,4.0
3,4.0
3,4.0
3,4.0
3,4.0
3,4.0
3,4.0
3,4.0
3,4.0
3,4.0
3,4.0
3,4.0
3,4.0
3,4.0
3,4.0
3,4.0
3,4.0
3,4.0
3,4.0
9,4.0
3,4.0
3,4.0
3,4.0
3,4.0
3,4.0
3,4.0
3,4.0
3,4.0
3,4.0
3,4.0
9,4.0
3,4.0
3,4.0
3,4.0
3,4.0
3,4.0
3,4.0
3,4.0
3,4.0
3,4.0
3,4.0
3,4.0
3,4.0
3,4.0
3,4.0
3,4.0
3,4.0
3,4.0
3,4.0
15,4.0
3,4.0
3,4.0
3,4.0
3,4.0
3,4.0
3,4.0
3,4.0
3,4.0
3,4.0
3,4.0
3,4.0
3,4.0
3,4.0
11,4.0
3,4.0
3,4.0
3,4.0
3,4.0
3,4.0
3,4.0
3,4.0
3,4.0
3,4.0
3,4.0
3,4.0
3,4.0
3,4.0
5,4.0
3,4.0
3,4.0
3,4.0
